pair_id,repo,security_event_id,security_commit,security_file,security_suffix,security_subsystem_key,security_loc,security_size_bytes,security_directory_depth,security_prior_touches_total,security_prior_touches_365d,security_total_churn,security_churn_365d,security_file_age_days,security_composite,security_ci_gzip,security_entropy,security_cc_density,security_halstead,bugfix_commit,bugfix_subject,bugfix_file,bugfix_suffix,bugfix_subsystem_key,bugfix_loc,bugfix_size_bytes,bugfix_directory_depth,bugfix_prior_touches_total,bugfix_prior_touches_365d,bugfix_total_churn,bugfix_churn_365d,bugfix_file_age_days,bugfix_composite,bugfix_ci_gzip,bugfix_entropy,bugfix_cc_density,bugfix_halstead,distance,delta_composite,delta_ci_gzip,delta_entropy,delta_cc_density,delta_halstead
0,jq,CVE-2023-50246,71c2ab509a8628dbbad4bc7b3f98a64aa90d3297,src/jv.c,.c,src,1631.0,51862.0,1.0,97.0,17.0,3910.0,238.0,4124.090729166666,0.3022937022088557,0.24964328410011183,0.6786393246920671,0.13733905579399142,0.0968666793195208,860af44fee7dcea8797daeb836a9b7c971c67e65,Fix typos (#3173),src/jv.c,.c,src,1630.0,51871.0,1.0,99.0,6.0,3919.0,50.0,4398.681319444445,0.302631943411121,0.250043376838696,0.6786402673979232,0.13803680981595093,0.09715435539507719,0.02081564022055815,-0.000338241202265277,-0.00040009273858415684,-9.427058560440571e-07,-0.0006977540219595124,-0.00028767607555639507
1,jq,CVE-2023-50268,c9a51565214eece8f1053089739aea73145bfd6b,src/jv.c,.c,src,1628.0,51781.0,1.0,96.0,16.0,3898.0,226.0,4124.088587962963,0.3023208419536742,0.24962824201927347,0.6784933626693421,0.1375921375921376,0.0968666793195208,8537b93a4301ecac98fb7dad92bba9cfd17a1f37,Fix block flipping in block_drop_unreferenced,src/compile.c,.c,src,1184.0,46081.0,1.0,96.0,6.0,3298.0,218.0,2385.7004398148147,0.3117353697624896,0.23838458366788914,0.6903699974770905,0.20270270270270271,0.05545888516776376,0.3182235550328141,-0.00941452780881541,0.011243658351384328,-0.011876634807748365,-0.06511056511056512,0.041407794151757035
2,jq,CVE-2024-23337,de21386681c0df0104a99d9d09db23a9b2a78b1e,src/jv.c,.c,src,1689.0,53664.0,1.0,107.0,8.0,4042.0,123.0,4648.235185185185,0.3017625599573995,0.2468880441264162,0.6760389706137375,0.13913558318531677,0.1005624549193879,df95871dd7415627bda6d70ce0569d0a4fbc22c6,"Fix leak on too-large programs, OSS Fuzz issue 61349",src/compile.c,.c,src,1170.0,45240.0,1.0,108.0,6.0,3432.0,77.0,4030.3522106481482,0.31119144893074846,0.23764367816091955,0.6938414334558372,0.19914529914529913,0.05352753766208025,0.3760870994243257,-0.009428888973348981,0.00924436596549666,-0.01780246284209963,-0.06000971595998236,0.04703491725730764
3,jq,CVE-2024-23337,de21386681c0df0104a99d9d09db23a9b2a78b1e,src/jv_aux.c,.c,src,700.0,23244.0,1.0,43.0,3.0,1192.0,33.0,4558.017800925926,0.30157669127163056,0.21205472379969023,0.6926099175641715,0.2257142857142857,0.0,a8ce2ff09af51b39be0d76091e6117caccd1b5c0,Avoid zero-length `calloc` (#3280),src/jv_aux.c,.c,src,689.0,23045.0,1.0,41.0,3.0,1181.0,29.0,4480.6327083333335,0.30203904417857036,0.21219353438923844,0.6932967343599051,0.22641509433962265,0.0,0.062336305078178,-0.00046235290693980025,-0.00013881058954820502,-0.0006868167957336802,-0.0007008086253369461,0.0
4,jq,CVE-2024-53427,a09a4dfd55e6c24d04b35062ccfe4509748b1dd3,src/jv.c,.c,src,1685.0,53482.0,1.0,105.0,7.0,4021.0,109.0,4571.232071759259,0.301508403936073,0.2469055009161961,0.6760711301520995,0.13827893175074185,0.10028150156070534,0f80921268edcc3d502e6d84612ba71fed6b0947,Fix constant folding of division and reminder with zero divisor,src/compile.c,.c,src,1169.0,45279.0,1.0,106.0,4.0,3419.0,64.0,4001.8602199074076,0.3119432666368965,0.2377702687780207,0.6936184443172025,0.2018819503849444,0.0539158811108031,0.37474485111983746,-0.0104348627008235,0.009135232138175381,-0.017547314165103023,-0.06360301863420253,0.04636562044990224
5,jq,CVE-2025-48060,c6e041699d8cd31b97375a2596217aff2cfca85b,src/jv.c,.c,src,1716.0,54332.0,1.0,108.0,9.0,4087.0,168.0,4658.400659722222,0.30241981644050675,0.24633733343149525,0.674914490527926,0.14335664335664336,0.1011227255423254,dd4cec664cd2a45921189fab2a938a4966191a31,fix memory leak,src/execute.c,.c,src,1070.0,34899.0,1.0,108.0,1.0,3639.0,12.0,2206.0476157407406,0.2966044856445585,0.23416143729046676,0.6897812950147032,0.15046728971962617,0.04797802640290989,0.4719857904497271,0.005815330795948259,0.012175896141028486,-0.014866804486777241,-0.007110646362982809,0.05314469913941551
6,jq,CVE-2025-49014,499c91bca9d4d027833bc62787d1bb075c03680e,src/builtin.c,.c,src,1868.0,64315.0,1.0,297.0,21.0,5644.0,427.0,4689.923969907408,0.30248953213534685,0.22044624115680633,0.657153287099611,0.17612419700214133,0.13728650601125877,695830c453113ea4cf6b62c76046945ac24b0296,Fix year 2038 problem on 32-bit platforms (fix #3369) (#3407),src/builtin.c,.c,src,1870.0,64405.0,1.0,298.0,19.0,5650.0,387.0,4777.948599537037,0.3024482270944247,0.22038661594596692,0.6571746551358058,0.17593582887700535,0.13750394313469255,0.004419605703808394,4.130504092214604e-05,5.962521083940908e-05,-2.1368036194790996e-05,0.00018836812513597923,-0.00021743712343377797
7,jq,GHSA-F946-J5J2-4W5M,5e159b34b179417e3e0404108190a2ac7d65611c,src/main.c,.c,src,643.0,26427.0,1.0,200.0,14.0,3978.0,480.0,4695.568865740741,0.2752802197613084,0.26136148635864836,0.7242666465764885,0.02177293934681182,0.0,8001955fb76f784480fba3300fea602012ee9446,Fix memory leak in libm cfunctions,src/builtin.c,.c,src,1383.0,49492.0,1.0,201.0,5.0,3793.0,126.0,1642.6915509259259,0.29328060788585003,0.21189283116463267,0.662938637853366,0.16196673897324657,0.10687782779854124,0.76999719941539,-0.018000388124541633,0.04946865519401569,0.061328008723122496,-0.14019379962643475,-0.10687782779854124
8,jq,GHSA-GF4G-95WJ-4Q4R,3985b80ce50bd75c6eb5a97cb3348c3f835ca8e0,src/execute.c,.c,src,1146.0,36695.0,1.0,131.0,2.0,3895.0,46.0,4953.353912037037,0.2954299461783943,0.23177544624608257,0.6907618207635072,0.1474694589877836,0.049984588708320565,750dbe723b29b2023b83489af9683f4fe8a40cbe,Fix memory leaks and double frees (#3487),src/execute.c,.c,src,1136.0,36530.0,1.0,130.0,1.0,3873.0,24.0,4944.88574074074,0.29594348126225806,0.23216534355324392,0.6909704890846619,0.1487676056338028,0.049984588708320565,0.016361222764054162,-0.0005135350838637587,-0.00038989730716135207,-0.00020866832115462586,-0.0012981466460192104,0.0
9,jq,GHSA-GF4G-95WJ-4Q4R,3985b80ce50bd75c6eb5a97cb3348c3f835ca8e0,src/jq_test.c,.c,src,472.0,16348.0,1.0,57.0,4.0,1021.0,120.0,4940.639178240741,0.2989081323486355,0.24278199168093956,0.7141694640599204,0.1483050847457627,0.0,cec6b0f34603edc5cd12db1f63dacdf547b4bb4a,Fix crashes and resource leaks in `jq_testsuite` (#3509),src/jq_test.c,.c,src,613.0,21986.0,1.0,58.0,5.0,1208.0,307.0,4946.816354166666,0.2800353202836718,0.22973710543072864,0.6904540962451184,0.11582381729200653,0.0,0.27799397301451023,0.018872812064963718,0.013044886250210913,0.02371536781480199,0.03248126745375618,0.0
10,libxml2,CVE-2008-3281,4bf899bf1b719d692be407b89f6610103f13bd5d,entities.c,.c,<root>,870.0,25633.0,0.0,86.0,0.0,5916.0,0.0,3660.558738425926,0.28895357477053923,0.20329263059337574,0.7176559175777115,0.16206896551724137,0.0,f0a703dac85ad9398f208d3237ca19c483368834,dict: Fix null-deref with empty subdict,dict.c,.c,<root>,777.0,22346.0,0.0,76.0,18.0,3910.0,1836.0,7348.118159722222,0.2966409752494254,0.25064888570661414,0.7228506448383699,0.12226512226512226,0.0,0.2350181494750112,-0.007687400478886164,-0.047356255113238405,-0.005194727260658394,0.03980384325211911,0.0
11,libxml2,CVE-2008-3281,4bf899bf1b719d692be407b89f6610103f13bd5d,include/libxml/entities.h,.h,include/libxml,120.0,4409.0,2.0,42.0,0.0,682.0,0.0,3679.9030208333334,0.30742314482578226,0.30006804264005443,0.7977711307509253,0.008333333333333333,0.0,c537ccf0aea640e625abce653d5890afc934b340,Fixed compilation error on GCC versions prior to 4.5,include/libxml/xmlexports.h,.h,include/libxml,72.0,2205.0,2.0,35.0,6.0,680.0,88.0,8067.009363425926,0.369575178432039,0.36054421768707484,0.8221631475905902,0.1388888888888889,0.0,0.6830122816858029,-0.06215203360625676,-0.06047617504702041,-0.024392016839664854,-0.13055555555555556,0.0
12,libxml2,CVE-2008-3281,4bf899bf1b719d692be407b89f6610103f13bd5d,include/libxml/parser.h,.h,include/libxml,1071.0,38616.0,2.0,125.0,1.0,3731.0,3.0,3660.558738425926,0.26303519288915783,0.22376735032111042,0.6946966625043894,0.0009337068160597573,0.09008668079807478,0a890066aefe4f28af086a77bd5de000ecc1ac74,Fix initGenericErrorDefaultFunc(NULL),include/libxml/xmlerror.h,.h,include/libxml,930.0,37535.0,2.0,133.0,4.0,2930.0,46.0,9861.532881944444,0.2130703116852823,0.22165978420141202,0.4574345826166182,0.002150537634408602,0.1805743872151618,0.2025799573531133,0.049964881203875544,0.0021075661196983952,0.23726207988777126,-0.0012168308183488448,-0.09048770641708703
13,libxml2,CVE-2008-3281,4bf899bf1b719d692be407b89f6610103f13bd5d,parser.c,.c,<root>,12865.0,395758.0,0.0,495.0,22.0,66040.0,1382.0,3660.558738425926,0.2932087935754918,0.18957797441871044,0.602581923391461,0.21274776525456665,0.20901124196642887,85bc313e7996c06d52b6f6f5c6a467ff3a148e75,malloc-fail: Fix memory leak after calling valuePush,xpath.c,.c,<root>,13118.0,410912.0,0.0,495.0,30.0,51390.0,430.0,8618.078032407408,0.2928172643935818,0.17990713340082548,0.6066680302232335,0.21100777557554506,0.21636496760158241,0.01947338811008592,0.00039152918190998864,0.009670841017884957,-0.0040861068317724625,0.0017399896790215863,-0.007353725635153546
14,libxml2,CVE-2008-3281,4bf899bf1b719d692be407b89f6610103f13bd5d,parserInternals.c,.c,<root>,1796.0,60785.0,0.0,124.0,2.0,15506.0,19.0,2895.1262384259257,0.28625585100140466,0.2034218968495517,0.6545859346773772,0.18485523385300667,0.05584207132686636,8c5e54d5bd042e7ac7ffd257f724477c332c535b,Fix C14N type confusion,c14n.c,.c,<root>,1803.0,68558.0,0.0,69.0,11.0,6983.0,500.0,8681.757743055556,0.2886864395700677,0.19208553341696083,0.7045704998185285,0.1808097615085968,0.02240016741981048,0.5837063090919514,-0.002430588568663017,0.011336363432590868,-0.04998456514115124,0.004045472344409884,0.033441903907055884
15,libxml2,CVE-2008-4225,1dc9feb00fd3bce5967304dcb388ea3ba7e964e6,SAX2.c,.c,<root>,2566.0,81461.0,0.0,180.0,4.0,10141.0,16.0,3749.5134953703705,0.2736896727223384,0.18707111378451038,0.6631040095781269,0.142244738893219,0.06474584264549196,cdfb54ff7ba3e881afbef10f90a56beaf3063034,Fix typos,encoding.c,.c,<root>,2337.0,75535.0,0.0,214.0,34.0,19441.0,4971.0,9601.707395833333,0.2712459542171819,0.1849208975971404,0.6653437549465852,0.14249037227214378,0.05235619560570122,0.2655830357009634,0.0024437185051565113,0.002150216187369991,-0.002239745368458279,-0.00024563337892477555,0.012389647039790744
16,libxml2,CVE-2008-4225,1dc9feb00fd3bce5967304dcb388ea3ba7e964e6,parser.c,.c,<root>,13069.0,400849.0,0.0,506.0,33.0,68028.0,3370.0,3749.5134953703705,0.29328914511984844,0.18953770621855112,0.6018554621282491,0.21302318463539674,0.21072170755913824,44947afba0ded433c6f4ffc10ee646c4b267f2b7,malloc-fail: Fix null deref after xmlPointerListAddSize,xpath.c,.c,<root>,13132.0,411112.0,0.0,506.0,40.0,51535.0,573.0,8628.078715277778,0.292541092172838,0.17935501761077274,0.6068839724033773,0.2105543710021322,0.2161131882984307,0.004808618966890776,0.0007480529470104136,0.010182688607778378,-0.005028510275128184,0.0024688136332645383,-0.005391480739292465
17,libxml2,CVE-2008-4225,1dc9feb00fd3bce5967304dcb388ea3ba7e964e6,tree.c,.c,<root>,8543.0,248133.0,0.0,391.0,9.0,38525.0,791.0,3749.5134953703705,0.2938223508952583,0.18079014077127992,0.620185233984475,0.2503804284209294,0.12431739834729516,b45927095e0c857b68a96466e3075d60a6a5dd9e,malloc-fail: Fix memory leak in xmlStringGetNodeList,tree.c,.c,<root>,9061.0,268290.0,0.0,490.0,32.0,40202.0,461.0,8847.488182870371,0.2963161320019101,0.1815609974281561,0.6184226074447594,0.25571129014457566,0.13465137331656346,0.2840428520311651,-0.0024937811066517712,-0.0007708566568761788,0.001762626539715595,-0.005330861723646274,-0.0103339749692683
18,libxml2,CVE-2008-4226,1dc9feb00fd3bce5967304dcb388ea3ba7e964e6,SAX2.c,.c,<root>,2566.0,81461.0,0.0,180.0,4.0,10141.0,16.0,3749.5134953703705,0.2736896727223384,0.18707111378451038,0.6631040095781269,0.142244738893219,0.06474584264549196,fc72e0833a4e5724aef604e2fd9adb1014cb4844,Fix compilation with uclibc,encoding.c,.c,<root>,3392.0,137170.0,0.0,185.0,6.0,14592.0,179.0,9559.293229166668,0.24897099509939563,0.14419333673543777,0.623281919345937,0.15035377358490565,0.07279204545631987,0.30622622636046604,0.024718677622942775,0.04287777704907261,0.039822090232189855,-0.00810903469168664,-0.008046202810827907
19,libxml2,CVE-2008-4226,1dc9feb00fd3bce5967304dcb388ea3ba7e964e6,parser.c,.c,<root>,13069.0,400849.0,0.0,506.0,33.0,68028.0,3370.0,3749.5134953703705,0.29328914511984844,0.18953770621855112,0.6018554621282491,0.21302318463539674,0.21072170755913824,6f9604f0e3e52e96881ab3b662f35fbe04cd49ac,malloc-fail: Fix memory leak in xmlXPathCacheNewNodeSet,xpath.c,.c,<root>,13129.0,411065.0,0.0,507.0,41.0,51575.0,613.0,8628.078900462962,0.2925766968261382,0.17943147677374624,0.6069125062054708,0.21052631578947367,0.21623913287569058,0.006550604665871873,0.000712448293710255,0.010106229444804882,-0.0050570440772216285,0.002496868845923067,-0.005517425316552332
20,libxml2,CVE-2008-4226,1dc9feb00fd3bce5967304dcb388ea3ba7e964e6,tree.c,.c,<root>,8543.0,248133.0,0.0,391.0,9.0,38525.0,791.0,3749.5134953703705,0.2938223508952583,0.18079014077127992,0.620185233984475,0.2503804284209294,0.12431739834729516,bc7740b3c30e1517dcf53a084766c74d25db222f,malloc-fail: Fix memory leak in xmlCopyPropList,tree.c,.c,<root>,9041.0,267718.0,0.0,494.0,33.0,40321.0,541.0,8954.525659722221,0.29639238809490803,0.18195265167078792,0.618702287780209,0.2545072447738082,0.1357552004618084,0.2899470294328035,-0.0025700371996497107,-0.0011625108995080013,0.0014829462042660335,-0.004126816352878815,-0.01143780211451323
21,libxml2,CVE-2009-2414,489f9671e71cc44a97b23111b3126ac8a1e21a59,parser.c,.c,<root>,13122.0,402962.0,0.0,517.0,22.0,68181.0,2141.0,4015.464988425926,0.29332902343240375,0.18976479171733315,0.601898595405682,0.2126962353299802,0.2112439506781552,bd6fa2c1d5c163ab94edaf2e62d18cdfee33f913,malloc-fail: Fix memory leak in xmlXPathRegisterNs,xpath.c,.c,<root>,13138.0,411341.0,0.0,512.0,41.0,51623.0,547.0,8638.297800925926,0.2926126482976609,0.17951043051871804,0.6068228986190132,0.21061044298980058,0.21636496760158241,0.010917887834247963,0.0007163751347428193,0.010254361198615114,-0.004924303213331149,0.0020857923401796097,-0.005121016923427202
22,libxml2,CVE-2009-2416,489f9671e71cc44a97b23111b3126ac8a1e21a59,parser.c,.c,<root>,13122.0,402962.0,0.0,517.0,22.0,68181.0,2141.0,4015.464988425926,0.29332902343240375,0.18976479171733315,0.601898595405682,0.2126962353299802,0.2112439506781552,8583b9f1cdb966315b3caae328f5d9f2c8b65292,malloc-fail: Fix null deref in xmlXPathTranslateFunction,xpath.c,.c,<root>,12110.0,379249.0,0.0,522.0,36.0,54583.0,3275.0,8915.996273148148,0.2927680483347881,0.18215209532523488,0.6059573948527474,0.21742361684558217,0.2005624549193879,0.08985850718067656,0.0005609750976156569,0.007612696392098273,-0.004058799447065331,-0.0047273815156019805,0.010681495758767312
23,libxml2,CVE-2014-0191,dd8367da17c2948981a51e52c8a6beb445edf825,parser.c,.c,<root>,13955.0,434485.0,0.0,599.0,6.0,70309.0,39.0,5781.222731481482,0.2942781448101354,0.18859339217694512,0.5989423965167537,0.217484772482981,0.2184875342908283,afc7e3a7f41e2e29ac36d4d7cbd0c0755558fa5d,malloc-fail: Fix memory leak in xmlParseReference,parser.c,.c,<root>,13928.0,440370.0,0.0,766.0,41.0,74134.0,719.0,8847.479918981482,0.29472082324127485,0.18927265708381588,0.6014690554478804,0.21453187823090178,0.21947568544222484,0.24749367176974335,-0.0004426784311394316,-0.0006792649068707579,-0.0025266589311266907,0.00295289425207923,-0.0009881511513965546
24,libxml2,CVE-2014-3660,be2a7edaf289c5da74a4f9ed3a0b6c733e775230,parser.c,.c,<root>,14005.0,435857.0,0.0,608.0,15.0,70381.0,111.0,5908.097129629629,0.2941379008325233,0.18840583035261566,0.5987243673827283,0.2174223491610139,0.2184875342908283,49b54d7e2b0a3845d7affbf46be0fc0f1abf58f8,parser: Fix null deref in xmlStringDecodeEntitiesInt,parser.c,.c,<root>,13688.0,436125.0,0.0,812.0,87.0,76394.0,2979.0,8900.435370370371,0.29338065385591416,0.18915448552593866,0.6019707911778563,0.2087229690239626,0.2197216693110052,0.3118060604578634,0.0007572469766091161,-0.0007486551733230096,-0.0032464237951280728,0.008699380137051321,-0.001234135020176913
25,libxml2,CVE-2015-1819,213f1fe0d76d30eaed6e5853057defc43e6df2c9,buf.c,.c,<root>,1142.0,32834.0,0.0,10.0,1.0,1402.0,4.0,995.1370601851852,0.2870338086012455,0.21093987939331182,0.6968515974676182,0.1646234676007005,0.0,1aabc9db40dc5ec1f8f22c09e74c63dda53f7ed6,malloc-fail: Fix null deref in xmlBufResize,buf.c,.c,<root>,969.0,28114.0,0.0,32.0,13.0,1864.0,385.0,3837.1720949074074,0.2954532611404318,0.22977875791420643,0.705414579018997,0.16408668730650156,0.0,1.2627278809654912,-0.0084194525391863,-0.01883887852089461,-0.008562981551378801,0.0005367802941989575,0.0
26,libxml2,CVE-2015-1819,213f1fe0d76d30eaed6e5853057defc43e6df2c9,include/libxml/tree.h,.h,include/libxml,1147.0,38034.0,2.0,171.0,2.0,5254.0,78.0,6088.2513078703705,0.2609334635386723,0.20208234737340275,0.6919048131192059,0.036617262423714034,0.07004397181410926,5bd6b44d139758652a259ee8cead6d8c61692fe3,Fix initGenericErrorDefaultFunc(NULL),include/libxml/xmlerror.h,.h,include/libxml,975.0,39309.0,2.0,144.0,15.0,3285.0,401.0,9861.43837962963,0.2152285282936202,0.22147599786308478,0.4658098622808351,0.0020512820512820513,0.1805743872151618,0.3330747248592978,0.04570493524505209,-0.01939365048968203,0.22609495083837083,0.034565980372431984,-0.11053041540105255
27,libxml2,CVE-2015-1819,213f1fe0d76d30eaed6e5853057defc43e6df2c9,xmlreader.c,.c,<root>,5258.0,167404.0,0.0,163.0,2.0,9286.0,22.0,4508.811168981481,0.2577542545994595,0.16617882487873648,0.6148137914226409,0.14492202358311146,0.09628960053372601,fe7f835f32757632edff0052d74063e97229d2c4,Fix C4296 warning: Resolve comparison of unsigned int with 0,xmlschemastypes.c,.c,<root>,5518.0,182217.0,0.0,165.0,9.0,14595.0,1152.0,8345.774074074074,0.30651239661213797,0.1774203285094146,0.6376734709660439,0.2767306995288148,0.13987436919381935,0.0603771503825028,-0.048758142012678474,-0.011241503630678135,-0.022859679543402955,-0.13180867594570334,-0.04358476866009334
28,libxml2,CVE-2015-5312,69030714cde66d525a8884bda01b9e8f0abf8e1e,parser.c,.c,<root>,14071.0,438183.0,0.0,623.0,12.0,70515.0,86.0,6307.985034722222,0.29428815190639096,0.1888023953462366,0.5983494719041428,0.2179660294222159,0.21861142395416433,58d7a3b72516b1b16f5d72335112c9d661ede7d8,tree: Fix xmlTextMerge with NULL args,tree.c,.c,<root>,8641.0,254877.0,0.0,592.0,27.0,48008.0,857.0,9714.278252314814,0.2951633208274744,0.18812996072615418,0.6198337887565217,0.23955560698993172,0.13793783670712614,0.5385089392972171,-0.0008751689210834135,0.0006724346200824294,-0.02148431685237895,-0.021589577567715817,0.08067358724703819
29,libxml2,CVE-2015-7497,6360a31a84efe69d155ed96306b9a931a40beab9,dict.c,.c,<root>,1086.0,30413.0,0.0,39.0,0.0,1911.0,0.0,4476.60525462963,0.3034688663594779,0.21194883766810246,0.7107918514531726,0.21639042357274402,0.0,aef1ff4372e080f9287209a4cdc8d13a275fccaa,"string: Fix xmlStrncatNew(NULL, """")",xmlstring.c,.c,<root>,1016.0,30575.0,0.0,39.0,3.0,1558.0,210.0,7374.288136574074,0.2988337056763684,0.2356500408830744,0.6779933513869354,0.2047244094488189,0.0,0.06656449107264972,0.004635160683109485,-0.023701203214971933,0.03279850006623719,0.011666014123925122,0.0
30,libxml2,CVE-2015-7500,f1063fdbe7fa66332bbb76874101c2a7b51b519f,parser.c,.c,<root>,14100.0,438901.0,0.0,628.0,17.0,70605.0,176.0,6308.185462962963,0.2943366080330991,0.18894238108366124,0.598267402130835,0.21808510638297873,0.2187352073200497,3a95572408151b5dfd9049e8b13871a941e2a7f7,tree: Restore return value of xmlNodeListGetString with NULL list,tree.c,.c,<root>,8638.0,254852.0,0.0,591.0,93.0,47988.0,7632.0,9497.414131944444,0.29518227001373704,0.1881366440129958,0.6199608746502664,0.23952303774021763,0.13793783670712614,0.5505835032947815,-0.0008456619806379573,0.0008057370706654465,-0.021693472519431434,-0.0214379313572389,0.08079737061292355
31,libxml2,CVE-2015-8035,f0709e3ca8f8947f2d91ed34e92e38a4c23eae63,xzlib.c,.c,<root>,651.0,24032.0,0.0,8.0,0.0,1306.0,0.0,1375.7163541666666,0.3152597924243088,0.25719873501997337,0.7154477692910179,0.1966205837173579,0.0,b55ee729dea1122a1f2942b83f7f3b21116f873b,html: Regression test for #696,testparser.c,.c,<root>,236.0,7289.0,0.0,8.0,8.0,298.0,298.0,126.99820601851852,0.32032305490376145,0.2886541363698724,0.7845963238569459,0.09322033898305085,0.0,1.0119844207915216,-0.005063262479452657,-0.03145540134989905,-0.06914855456592794,0.10340024473430706,0.0
32,libxml2,CVE-2015-8242,8fb4a770075628d6441fb17a1e435100e2f3b1a2,HTMLparser.c,.c,<root>,6239.0,208694.0,0.0,279.0,2.0,25823.0,54.0,5981.684259259259,0.28125012360916013,0.20588517159094177,0.6123508723463142,0.13399583266549125,0.1938109326219239,577e2516d0ed3669c7e9879ba9f04214658bfd1b,valid: Check for NULL node->name in xmlSnprintfElements,valid.c,.c,<root>,6038.0,186946.0,0.0,311.0,35.0,27735.0,2572.0,9192.870925925927,0.29309252534229796,0.17852748922148642,0.6376813579457629,0.2312023848956608,0.12830883530240023,0.14095533169580587,-0.01184240173313783,0.02735768236945535,-0.025330485599448616,-0.09720655223016955,0.06550209731952367
33,libxml2,CVE-2016-3705,8f30bdff69edac9075f4663ce3b56b0c52d48ce6,parser.c,.c,<root>,14115.0,439549.0,0.0,632.0,19.0,70655.0,219.0,6491.9056712962965,0.29449745475559913,0.1890278444496518,0.598311842146518,0.21849096705632307,0.21885888457073488,8318b5a63465f5805cf3e9ebad794f4db40b5aae,parser: Fix NULL checks for output arguments,parser.c,.c,<root>,12197.0,390763.0,0.0,978.0,127.0,90302.0,12734.0,9432.395,0.2920912302713974,0.19294303708385901,0.6060613375551639,0.19029269492498155,0.22094533656289492,0.5820981223250934,0.0024062244842017466,-0.003915192634207226,-0.00774949540864589,0.028198272131341517,-0.0020864519921600377
34,libxml2,CVE-2016-4658,c1d1f7121194036608bf555f08d3062a36fd344b,xpointer.c,.c,<root>,2639.0,76912.0,0.0,70.0,3.0,10175.0,86.0,5845.095324074074,0.28752733034633265,0.2056116080715623,0.6618489445528596,0.19477074649488443,0.0366322214245816,6e1e22dc5f9f53fa8585b856662825d673938965,malloc-fail: Fix null-deref in xmlPatPushState,pattern.c,.c,<root>,2149.0,59154.0,0.0,61.0,9.0,4770.0,336.0,7550.468877314815,0.28375363182145874,0.21562362646651115,0.6752638569077271,0.16798510935318753,0.00821490413538708,0.3408565670148773,0.003773698524873914,-0.010012018394948835,-0.01341491235486747,0.026785637141696905,0.02841731728919452
35,libxml2,CVE-2016-5131,9ab01a277d71f54d3143c2cf333c5c2e9aaedd9e,xpath.c,.c,<root>,13733.0,428757.0,0.0,391.0,10.0,47899.0,48.0,6298.866539351852,0.29058326257340283,0.17715395900241862,0.6046265126224075,0.20672831864851088,0.21761731491074893,702f2e463c1a81fb664eb9b4db1b78292d451fb9,malloc-fail: Fix memory leak in xmlNewNodeEatName,tree.c,.c,<root>,8805.0,259404.0,0.0,544.0,47.0,43508.0,3154.0,9346.630011574074,0.2953289566349948,0.18343587608517986,0.61583164500854,0.2509937535491198,0.13509391815464317,0.7739651577377042,-0.004745694061591976,-0.00628191708276124,-0.011205132386132521,-0.04426543490060891,0.08252339675610576
36,libxml2,CVE-2016-5131,9ab01a277d71f54d3143c2cf333c5c2e9aaedd9e,xpointer.c,.c,<root>,2687.0,78344.0,0.0,68.0,1.0,10091.0,2.0,5845.095324074074,0.2862507149578755,0.20316807924027366,0.6623829897432574,0.19240788983997023,0.036194377373524135,a846719b9cd548d3e7e09475e3f33d8ef4101412,pattern: Fix memory leak xmlCompileStepPattern,pattern.c,.c,<root>,2275.0,62140.0,0.0,56.0,5.0,4616.0,189.0,7467.5124189814815,0.2826294804862414,0.21380753138075315,0.673089686064501,0.1665934065934066,0.011374216604918885,0.3574331431595281,0.003621234471634094,-0.010639452140479483,-0.010706696321243658,0.02581448324656363,0.02482016076860525
37,libxml2,CVE-2017-16931,e26630548e7d138d2c560844c43820b6767251e3,parser.c,.c,<root>,14117.0,441966.0,0.0,646.0,6.0,71183.0,430.0,6871.540717592593,0.2944175665522143,0.18879506568378562,0.5982508033142383,0.2181058298505348,0.21947568544222484,1a865567d4910a4d4a0ea476aadc15d3e8ec9d27,Remove redundant NULL check on cur,tree.c,.c,<root>,8567.0,253161.0,0.0,579.0,82.0,47827.0,7473.0,9381.398842592593,0.29550462696023977,0.1877184874447486,0.619734836827172,0.24185829345161666,0.13706874068072175,0.6087344367882688,-0.0010870604080254753,0.0010765782390370349,-0.02148403351293371,-0.023752463601081852,0.08240694476150309
38,libxml2,CVE-2017-16931,e26630548e7d138d2c560844c43820b6767251e3,runtest.c,.c,<root>,4031.0,117288.0,0.0,65.0,2.0,22636.0,14.0,4361.78431712963,0.2678997766656262,0.1811438510333538,0.6390821451568663,0.10915405606549243,0.14030120235749965,98194640b80a8d04b5af22b077ffd8368a9568cf,Fix memory leak of prefix in xmlTextWriterStartElementNS(),xmlwriter.c,.c,<root>,3850.0,121729.0,0.0,89.0,12.0,8362.0,1733.0,8088.912175925926,0.20070685221599519,0.09678055352463258,0.6710568628434204,0.006233766233766234,0.0,0.35608460424013444,0.06719292444963101,0.08436329750872121,-0.03197471768655402,0.1029202898317262,0.14030120235749965
39,libxml2,CVE-2017-16932,899a5d9f0ed13b8e32449a08a361e0de127dd961,parser.c,.c,<root>,13914.0,436851.0,0.0,663.0,23.0,71935.0,1182.0,6921.403668981481,0.2941692216517403,0.18850134256302492,0.5984412291682796,0.2166882276843467,0.21898245588800175,276652006218c281527b30ae56d00af4f80f7304,Remove redundant NULL check on cur,tree.c,.c,<root>,8570.0,253222.0,0.0,577.0,80.0,47822.0,7468.0,9381.39792824074,0.29551649483533154,0.18770880887126712,0.6196854493147075,0.24200700116686114,0.13706874068072175,0.6232912638651635,-0.0013472731835912355,0.0007925336917578019,-0.021244220146427906,-0.025318773482514434,0.08191371520728
40,libxml2,CVE-2017-5969,94691dc884d1a8ada39f073408b4bb92fe7fe882,valid.c,.c,<root>,6221.0,192993.0,0.0,248.0,1.0,24368.0,20.0,6715.948923611111,0.29219006033913186,0.17394931422383195,0.6361909344298542,0.2342067191769812,0.12830883530240023,1e1731a43d2950b6717a5bc0d3bb6efe03595c47,valid: Add NULL check in xmlCtxtValidateDtd,valid.c,.c,<root>,6038.0,186599.0,0.0,324.0,43.0,27868.0,2500.0,9435.713969907407,0.2926641582981423,0.17832357086586745,0.6372777789804179,0.2305399138787678,0.12784494582204822,0.2962252490147108,-0.0004740979590104333,-0.004374256642035501,-0.001086844550563737,0.0036668052982133936,0.0004638894803520033
41,libxml2,CVE-2017-9047,932cc9896ab41475d4aa429c27d9afd175959d74,valid.c,.c,<root>,6220.0,192907.0,0.0,247.0,0.0,24348.0,0.0,6713.934953703703,0.29208653558485154,0.17381432503745328,0.6362354494985022,0.23408360128617364,0.12807707701306031,fc256953d29698ba5918c32d14fc69ea69d7e64e,malloc-fail: Fix memory leak in htmlCreateMemoryParserCtxt,HTMLparser.c,.c,<root>,6397.0,214651.0,0.0,369.0,36.0,28255.0,909.0,8627.977534722222,0.2794960153607896,0.20495129302914963,0.612805605251398,0.12771611692981086,0.19410476063405807,0.42812903546773207,0.01259052022406193,-0.03113696799169635,0.023429844247104148,0.10636748435636278,-0.06602768362099776
42,libxml2,CVE-2017-9048,932cc9896ab41475d4aa429c27d9afd175959d74,valid.c,.c,<root>,6220.0,192907.0,0.0,247.0,0.0,24348.0,0.0,6713.934953703703,0.29208653558485154,0.17381432503745328,0.6362354494985022,0.23408360128617364,0.12807707701306031,041789d9ec5a0f592e200bcb7313d88ff14707e4,malloc-fail: Fix null deref in htmlnamePush,HTMLparser.c,.c,<root>,6429.0,215595.0,0.0,373.0,40.0,28297.0,951.0,8627.977743055555,0.2791460433556869,0.20458266657390015,0.6125478460751359,0.12708041686109814,0.19410476063405807,0.44387092396619643,0.012940492229164657,-0.030768341536446864,0.023687603423366288,0.1070031844250755,-0.06602768362099776
43,libxml2,CVE-2017-9049,e26630548e7d138d2c560844c43820b6767251e3,parser.c,.c,<root>,14117.0,441966.0,0.0,646.0,6.0,71183.0,430.0,6871.540717592593,0.2944175665522143,0.18879506568378562,0.5982508033142383,0.2181058298505348,0.21947568544222484,7c5daa376343738a4bd85474386c976d3839f114,tree: Ignore namespace with NULL href in xmlSearchNs,tree.c,.c,<root>,8566.0,253006.0,0.0,574.0,77.0,47804.0,7450.0,9360.450601851851,0.29544817825874636,0.18780977526224674,0.6197926276801887,0.24141956572495915,0.13706874068072175,0.6175092196949246,-0.0010306117065320697,0.000985290421538887,-0.021541824365950424,-0.02331373587442434,0.08240694476150309
44,libxml2,CVE-2017-9049,e26630548e7d138d2c560844c43820b6767251e3,runtest.c,.c,<root>,4031.0,117288.0,0.0,65.0,2.0,22636.0,14.0,4361.78431712963,0.2678997766656262,0.1811438510333538,0.6390821451568663,0.10915405606549243,0.14030120235749965,08a6a0848e3f440aa946fa8a6135d42339fedc61,Fix previous commit,catalog.c,.c,<root>,3303.0,95817.0,0.0,113.0,6.0,7852.0,270.0,8437.23755787037,0.2812024730231424,0.18281724537399419,0.6359075583006394,0.20920375416288223,0.06899979714194462,0.7456723814784061,-0.013302696357516186,-0.0016733943406403995,0.0031745868562269575,-0.1000496980973898,0.07130140521555503
45,libxml2,CVE-2017-9050,e26630548e7d138d2c560844c43820b6767251e3,parser.c,.c,<root>,14117.0,441966.0,0.0,646.0,6.0,71183.0,430.0,6871.540717592593,0.2944175665522143,0.18879506568378562,0.5982508033142383,0.2181058298505348,0.21947568544222484,dd4c0f62fa1fd9650aae6b718dd9964a4ffa69b9,tree: Fix xmlTextMerge with NULL args,tree.c,.c,<root>,8022.0,236554.0,0.0,605.0,40.0,48958.0,1807.0,9714.27181712963,0.29429690823549437,0.186600099765804,0.6218178122459975,0.24171029668411867,0.12620948453701786,0.6306044706333491,0.00012065831671992377,0.0021949659179816283,-0.023567008931759226,-0.02360446683358386,0.09326620090520699
46,libxml2,CVE-2017-9050,e26630548e7d138d2c560844c43820b6767251e3,runtest.c,.c,<root>,4031.0,117288.0,0.0,65.0,2.0,22636.0,14.0,4361.78431712963,0.2678997766656262,0.1811438510333538,0.6390821451568663,0.10915405606549243,0.14030120235749965,75693281389aab047b424d46df944b35ab4a3263,malloc-fail: Fix memory leak in xmlCompileAttributeTest,pattern.c,.c,<root>,2309.0,63061.0,0.0,51.0,2.0,4427.0,26.0,7170.5960069444445,0.28407951179487984,0.21596549372829482,0.6730404735218724,0.16414032048505847,0.02045711442492042,0.7954260296803626,-0.016179735129253636,-0.034821642694941035,-0.03395832836500601,-0.05498626441956604,0.11984408793257924
47,libxml2,CVE-2018-14404,a436374994c47b12d5de1b8b1d191a098fa23594,xpath.c,.c,<root>,13472.0,420727.0,0.0,428.0,21.0,49062.0,676.0,6954.854270833333,0.2914786875108115,0.1784672721265809,0.6066204339581479,0.20776425178147268,0.21586096882144776,0c56eb8215bea9e8e4aa934e45c677e6e132cf68,tree: Restore return value of xmlNodeListGetString with NULL list,tree.c,.c,<root>,8003.0,236228.0,0.0,598.0,100.0,48816.0,8460.0,9496.665914351852,0.2943448680986757,0.18651048986572294,0.6221290203643806,0.2420342371610646,0.12550285698187302,0.8545509452396551,-0.0028661805878641977,-0.008043217739142045,-0.01550858640623265,-0.034269985379591916,0.09035811183957473
48,libxml2,CVE-2018-14567,2240fbf5912054af025fb6e01e26375100275e74,xzlib.c,.c,<root>,659.0,24400.0,0.0,13.0,3.0,1344.0,28.0,2375.927372685185,0.31502635543343976,0.2556967213114754,0.7146472511325004,0.19878603945371776,0.0,7d97290a0e93bf78b8e5b9dc390c27a82f0443de,save: Fix xmlSave with NULL encoding,testparser.c,.c,<root>,1001.0,30635.0,0.0,37.0,25.0,1295.0,910.0,546.8687731481482,0.28124139427301975,0.21452586910396604,0.7157469567198395,0.0939060939060939,0.03966047811818587,1.4160422767354661,0.03378496116042001,0.04117085220750938,-0.0010997055873390726,0.10487994554762385,-0.03966047811818587
49,libxml2,CVE-2018-9251,2240fbf5912054af025fb6e01e26375100275e74,xzlib.c,.c,<root>,659.0,24400.0,0.0,13.0,3.0,1344.0,28.0,2375.927372685185,0.31502635543343976,0.2556967213114754,0.7146472511325004,0.19878603945371776,0.0,936e3d529a6fc17d552f4b6544ba8e51646069df,save: Fix xmlSave with NULL encoding,testparser.c,.c,<root>,1001.0,30635.0,0.0,37.0,25.0,1295.0,910.0,546.2699421296296,0.28124139427301975,0.21452586910396604,0.7157469567198395,0.0939060939060939,0.03966047811818587,1.4160422767354661,0.03378496116042001,0.04117085220750938,-0.0010997055873390726,0.10487994554762385,-0.03966047811818587
50,libxml2,CVE-2021-3541,8598060bacada41a0eb09d95c97744ff4e428f8e,parser.c,.c,<root>,13870.0,439414.0,0.0,723.0,20.0,73386.0,280.0,8309.385613425926,0.29495212432768514,0.18941362815021826,0.5991965614951558,0.21643835616438356,0.22143191208007665,2e55fbdebab606a5b326baa6661dba5acbbbed7d,Fix xmlRemoveEntity removing from wrong hash table,tree.c,.c,<root>,7628.0,230718.0,0.0,636.0,31.0,53103.0,4145.0,10064.305185185185,0.29376868905828074,0.1883511472880313,0.6239852718907002,0.2362349239643419,0.12526654324502484,0.7258652914866133,0.0011834352694043981,0.0010624808621869652,-0.024788710395544422,-0.019796567799958337,0.0961653688350518
51,libxml2,CVE-2022-23308,652dd12a858989b14eed4e84e453059cd3ba340e,valid.c,.c,<root>,6282.0,195613.0,0.0,260.0,0.0,24794.0,0.0,8433.96855324074,0.2923231868431072,0.1745998476583867,0.6359187159588449,0.2335243553008596,0.12923216328020395,97086fd76b21fee6e41c13921c450411442d9da6,malloc-fail: Fix memory leak in xmlParserInputBufferCreateMem,xmlIO.c,.c,<root>,3444.0,103360.0,0.0,258.0,22.0,13960.0,301.0,8605.850509259259,0.284817978248737,0.1983455882352941,0.6499216225388056,0.14227642276422764,0.14136279290241732,0.6086160145783444,0.007505208594370205,-0.023745740576907398,-0.014002906579960728,0.09124793253663196,-0.012130629622213368
52,libxml2,CVE-2022-29824,2554a2408e09f13652049e5ffb0d26196b02ebab,buf.c,.c,<root>,1185.0,34112.0,0.0,19.0,0.0,1479.0,0.0,3570.1872106481483,0.2864746342141454,0.2086655722326454,0.6958303326387555,0.1670886075949367,0.0,359083591e997470f34501b48c7e78b09f6090b1,Fix xmlRemoveEntity removing from wrong hash table,testparser.c,.c,<root>,1328.0,42544.0,0.0,49.0,19.0,1717.0,584.0,841.2310416666667,0.27689548591736257,0.2050582925911997,0.7055424153633542,0.0911144578313253,0.05924570372680797,1.0301312110297296,0.009579148296782802,0.003607279641445693,-0.00971208272459867,0.07597414976361141,-0.05924570372680797
53,libxml2,CVE-2022-29824,2554a2408e09f13652049e5ffb0d26196b02ebab,tree.c,.c,<root>,8979.0,263617.0,0.0,461.0,3.0,39780.0,39.0,8663.301458333333,0.2960067576602214,0.18087225027217516,0.6189660424098519,0.25637598841741843,0.13151495622563,c6167cf3b9acf4b050e0b73c30019ab60d8e3393,fix to issue 227 adding xpath0 to xmllint,xmllint.c,.c,<root>,3025.0,104196.0,0.0,395.0,58.0,15101.0,5061.0,10001.875636574074,0.2951728372133847,0.1768110100195785,0.6262585419511162,0.2271074380165289,0.16311770557039793,1.2419089467752018,0.0008339204468366668,0.0040612402525966596,-0.007292499541264319,0.02926855040088952,-0.03160274934476792
54,libxml2,CVE-2022-40303,c846986356fc149915a74972bf198abc266bc2c0,parser.c,.c,<root>,13873.0,440043.0,0.0,749.0,24.0,73563.0,148.0,8828.364733796296,0.294889315452153,0.1896110152871424,0.5993400125419069,0.2167519642470987,0.2198445041452363,31844c74df39c3b88735ef884c33c41da9d52795,malloc-fail: Fix null deref in xmlSchemaParseUnion,xmlschemas.c,.c,<root>,25870.0,832733.0,0.0,293.0,15.0,99277.0,124.0,7630.852523148148,0.2937649673464412,0.19416667767459678,0.6024784804190833,0.16153846153846155,0.296289600533726,1.5595995044919482,0.0011243481057118254,-0.00455566238745439,-0.0031384678771763097,0.05521350270863715,-0.0764450963884897
55,libxml2,CVE-2022-40304,1b41ec4e9433b05bb0376be4725804c54ef1d80b,entities.c,.c,<root>,1055.0,32453.0,0.0,109.0,4.0,6345.0,30.0,8828.36599537037,0.28193675106270466,0.20161464271407883,0.7118779499192879,0.14312796208530806,0.0,f879a0177b9f2c5f85b0bb6d30385e36c2f6e281,Fix C14N type confusion,c14n.c,.c,<root>,1803.0,68558.0,0.0,69.0,10.0,6983.0,453.0,8764.7428125,0.2886864395700677,0.19208553341696083,0.7045704998185285,0.1808097615085968,0.02240016741981048,0.987503360099419,-0.006749688507363016,0.009529109297118005,0.007307450100759394,-0.037681799423288725,-0.02240016741981048
56,libxml2,CVE-2023-28484,647e072ea0a2f12687fa05c172f4c4713fdb0c4f,xmlschemas.c,.c,<root>,25867.0,832713.0,0.0,281.0,3.0,99202.0,49.0,7664.808009259259,0.29371236036777776,0.1941004884035676,0.6025905467895325,0.16128658135848764,0.296289600533726,4c6922f763ad958c48ff66f82823ae21f2e92ee6,schemas: Fix null-pointer-deref in xmlSchemaCheckCOSSTDerivedOK,xmlschemas.c,.c,<root>,25857.0,832217.0,0.0,280.0,2.0,99187.0,34.0,7660.759236111111,0.2937176473179982,0.19408159170024164,0.6026004093215444,0.16131028348222917,0.296289600533726,0.003939054356354887,-5.286950220451114e-06,1.8896703325971265e-05,-9.862532011850611e-06,-2.3702123741531356e-05,0.0
57,libxml2,CVE-2023-29469,09a2dd453007f9c7205274623acdd73747c22d64,dict.c,.c,<root>,1096.0,31675.0,0.0,56.0,0.0,2066.0,0.0,7175.95699074074,0.30208993353604546,0.2103235990528808,0.7104067290763646,0.21350364963503649,0.0,0bef170486223f5da754b2104773cc332a079ada,c14n: Fix memory leak after malloc failure,c14n.c,.c,<root>,1850.0,68930.0,0.0,55.0,5.0,6453.0,386.0,8099.91775462963,0.2869564477725397,0.19296387639634413,0.7012784932598265,0.17783783783783783,0.018982455888001758,0.5408464293976678,0.01513348576350576,0.01735972265653668,0.0091282358165381,0.03566581179719866,-0.018982455888001758
58,libxml2,CVE-2024-25062,92721970884fcc13305cb8e23cdc5f0dd7667c2c,xmlreader.c,.c,<root>,5162.0,165586.0,0.0,215.0,6.0,9987.0,96.0,7726.979537037037,0.25661920672649396,0.16619158624521396,0.6154963020432439,0.1425803951956606,0.09218409370744904,ca6a8cf94672e6f3c48c08d6af2201599788fc17,runtest: Add test for Memory leak in xmlInputFromFd,runtest.c,.c,<root>,4857.0,148045.0,0.0,176.0,15.0,26725.0,1001.0,7569.481863425926,0.26792478563817407,0.17471039211050693,0.6296577504207825,0.11509162034177475,0.16474584264549197,0.2600196504278687,-0.011305578911680103,-0.008518805865292967,-0.014161448377538632,0.027488774853885845,-0.07256174893804293
59,libxml2,CVE-2024-34459,2876ac5392a4e891b81e40e592c3ac6cb46016ce,xmllint.c,.c,<root>,3495.0,103003.0,0.0,293.0,9.0,7468.0,317.0,9424.58880787037,0.28497947841226884,0.19197499101967905,0.6350212508378329,0.16452074391988555,0.14532706340106233,64b76f8163d3608f9881b4de23dcc06530ba9323,xmllint: Fix memory leak with --pattern --stream,xmllint.c,.c,<root>,3428.0,100254.0,0.0,281.0,11.0,7116.0,154.0,8998.771875,0.2855968588717739,0.19363815907594709,0.6348654465396235,0.16540256709451576,0.14408691676108704,0.0610234807130734,-0.0006173804595050458,-0.0016631680562680384,0.00015580429820938324,-0.000881823174630203,0.0012401466399752925
60,libxml2,CVE-2024-40896,de28e6ed3a7f18d3188dd18ac5b854b21e05d33a,parser.c,.c,<root>,12220.0,391513.0,0.0,984.0,132.0,90379.0,12809.0,9477.371041666667,0.2922635145782686,0.19308426540114887,0.6056938288902648,0.1909165302782324,0.22143191208007665,d936c4503c7429967586376c68964ce928b94859,fix to issue 227 adding xpath0 to xmllint,xmllint.c,.c,<root>,3025.0,104196.0,0.0,395.0,34.0,15101.0,1607.0,10083.649467592593,0.2951728372133847,0.1768110100195785,0.6262585419511162,0.2271074380165289,0.16311770557039793,2.3071415980073064,-0.0029093226351161183,0.016273255381570373,-0.02056471306085139,-0.0361909077382965,0.05831420650967872
61,libxml2,CVE-2024-56171,a6bf2cb76cc672c1fd1959e3793e43883893d94e,xmlschemas.c,.c,<root>,25513.0,821793.0,0.0,313.0,3.0,100308.0,17.0,8343.894502314815,0.2936212747079614,0.1938444352774969,0.6021614644831411,0.1624269980010191,0.29483672315846776,4fec0889e0cd406710f96f97a566495cb8178f3b,parser: Fix memory leak in xmlInputSetEncodingHandler,parserInternals.c,.c,<root>,2857.0,90435.0,0.0,319.0,103.0,22473.0,4704.0,8698.270717592593,0.26821674419682895,0.210073533477083,0.6465091827314161,0.09975498774938747,0.08137811912170374,2.2080332514939416,0.02540453051113245,-0.016229098199586095,-0.04434771824827499,0.06267201025163162,0.21345860403676403
62,libxml2,CVE-2025-24928,055b382541c8b8ba12d8f0d709db7030e10e8135,valid.c,.c,<root>,6049.0,187459.0,0.0,318.0,25.0,27790.0,690.0,9528.754421296297,0.29317837372778716,0.17829498717052797,0.6374114041142269,0.23210448007935197,0.12830883530240023,250faf3c832d998baa559ca1a1c61935235aba20,parser: Fix regression in xmlParserNodeInfo accounting,SAX2.c,.c,<root>,2673.0,86359.0,0.0,245.0,15.0,11111.0,144.0,9016.415335648147,0.2767174899508873,0.18734584698757512,0.6623687692339386,0.1447811447811448,0.08201789624151878,1.076342360215481,0.01646088377689986,-0.009050859817047147,-0.024957365119711694,0.08732333529820718,0.04629093906088144
63,libxml2,CVE-2025-32414,8d415b8911be26b12b85497f7cc57143b5321787,python/libxml.c,.c,python,3154.0,103747.0,1.0,121.0,9.0,7812.0,121.0,8473.800162037038,0.25251254554373675,0.15531051500284346,0.598111672423851,0.1309448319594166,0.12784494582204822,3ab040c203afa8de1e8ac3561f65e93da7ed5912,Fix unidiomatic use of vsnprintf().,python/libxml.c,.c,python,3161.0,102338.0,1.0,124.0,10.0,8247.0,543.0,8514.285613425925,0.25550072021382086,0.1567648380855596,0.6056800537046597,0.13255298956026573,0.12784494582204822,0.026508935363148467,-0.0029881746700841094,-0.0014543230827161469,-0.0075683812808087225,-0.0016081576008491194,0.0
64,libxml2,CVE-2025-32415,487ee1d8711c6415218b373ef455fcd969d12399,xmlschemas.c,.c,<root>,25534.0,823971.0,0.0,326.0,13.0,100897.0,589.0,8401.797060185185,0.29375648198013043,0.1938939598602378,0.6022849266294804,0.16225424923631238,0.2957102041562287,cb4334b7abf265f55d1a41f435fedd67494eeb18,malloc-fail: Fix memory leak in xmlSAX2StartElementNs,SAX2.c,.c,<root>,2667.0,86215.0,0.0,243.0,19.0,11095.0,314.0,8954.525648148148,0.2767522801565057,0.1873803862436931,0.6624743500293635,0.14473190851143608,0.08201789624151878,2.551512877650281,0.01700420182362472,0.006513573616544699,-0.06018942339988309,0.017522340724876295,0.2136923079147099
65,libxml2,CVE-2025-49794,71e1e8af5ee46dad1b57bb96cfbf1c3ad21fbd7b,schematron.c,.c,<root>,1735.0,61133.0,0.0,51.0,13.0,4247.0,521.0,7285.905925925926,0.27705367366477773,0.17805440596731717,0.6777975979723425,0.17406340057636888,0.03442959079158161,873c17116598cfc8fc2eb3a6fe7b9ac43306cc53,Avoid EDG -Wignored-qualifiers warnings on wrong 'const *' to '* const' conversions,c14n.c,.c,<root>,1859.0,70496.0,0.0,51.0,1.0,6068.0,1.0,7932.5175,0.2847970773270898,0.1908618928733545,0.7031127298703383,0.17267348036578806,0.014974711950468133,0.06899287148695077,-0.007743403662312076,-0.012807486906037335,-0.025315131897995835,0.0013899202105808195,0.019454878841113476
66,libxml2,CVE-2025-49795,499bcb78ab389f60c2fd634ce410d4bb85c18765,schematron.c,.c,<root>,1730.0,60982.0,0.0,49.0,11.0,4240.0,514.0,7285.774212962963,0.2771115978824939,0.1782165229083992,0.6778879613510429,0.17398843930635838,0.03442959079158161,0bac84b1bd6172000eb0e5d3543457f6eb6ef109,Add missing NULL checks to public API functions,schematron.c,.c,<root>,1790.0,61698.0,0.0,41.0,6.0,3773.0,91.0,7215.843831018518,0.27550661431727275,0.17846607669616518,0.6778603980334676,0.16759776536312848,0.03398500028846243,0.20842823402928,0.001604983565221152,-0.00024955378776597703,2.75633175752521e-05,0.0063906739432298965,0.0004445905031191799
67,libxml2,CVE-2025-49796,71e1e8af5ee46dad1b57bb96cfbf1c3ad21fbd7b,schematron.c,.c,<root>,1735.0,61133.0,0.0,51.0,13.0,4247.0,521.0,7285.905925925926,0.27705367366477773,0.17805440596731717,0.6777975979723425,0.17406340057636888,0.03442959079158161,57b92cabd2f3018212ddc1475df66e9f9cf643c3,catalog: Fix regression in xmlCatalogAdd,catalog.c,.c,<root>,3293.0,96028.0,0.0,124.0,17.0,8091.0,509.0,8502.205659722222,0.2804853274487048,0.18196775940350732,0.635988669966079,0.20892802915274825,0.06653359171851765,1.517589034238163,-0.003431653783927069,-0.003913353436190148,0.04180892800626357,-0.03486462857637937,-0.03210400092693604
68,libxml2,CVE-2025-6021,17d950ae33c23f87692aa179bacedb6743f3188a,tree.c,.c,<root>,8646.0,254987.0,0.0,593.0,2.0,48022.0,34.0,9827.433090277778,0.2951333768808934,0.18813900316486723,0.6198456270719146,0.23941707147814018,0.13793783670712614,1e6b17b8348f9b8d485febaf410d2c419d254924,parser: Fix regression parsing standalone declarations,testparser.c,.c,<root>,61.0,1871.0,0.0,2.0,2.0,80.0,80.0,85.12856481481481,0.3791831338333274,0.40994120791020844,0.8451341089636116,0.08196721311475409,0.0,10.226100364609874,-0.084049756952434,-0.2218022047453412,-0.22528848189169703,0.1574498583633861,0.13793783670712614
69,nginx,CVE-2009-3555,70bd187c4c386d82d6e4d180e0db84f361d1be02,src/event/ngx_event_openssl.c,.c,src/event,1617.0,55141.0,2.0,111.0,19.0,4640.0,308.0,1944.7661574074075,0.29222061202291477,0.19990569630583413,0.6623967032151853,0.17625231910946196,0.10768155970508317,f540602ad217bce65d311546337200e915cf2676,Fixed build with OpenSSL using old callbacks API.,src/event/ngx_event_quic.c,.c,src/event,1800.0,63681.0,2.0,110.0,110.0,11412.0,11412.0,40.83179398148148,0.27909556204928204,0.18231497620954445,0.682874108033097,0.1388888888888889,0.08765169465649994,0.11611991754027962,0.01312504997363273,0.017590720096289675,-0.020477404817911715,0.03736343022057306,0.02002986504858323
70,nginx,CVE-2009-3555,70bd187c4c386d82d6e4d180e0db84f361d1be02,src/event/ngx_event_openssl.h,.h,src/event,112.0,4890.0,2.0,40.0,4.0,335.0,9.0,1944.7661574074075,0.29255744697832553,0.25501022494887526,0.79173188159331,0.017857142857142856,0.0,10bda6e11b91fe67c4489ab5e0347355fa6091cb,Fixed includes in quic headers.,src/event/ngx_event_quic.h,.h,src/event,70.0,3749.0,2.0,27.0,27.0,625.0,625.0,54.798344907407404,0.32004863498403086,0.30354761269671915,0.7760816971463002,0.07142857142857142,0.0,0.8460754982001295,-0.027491188005705325,-0.048537387747843885,0.01565018444700983,-0.05357142857142857,0.0
71,nginx,CVE-2010-4180,3e3ee60b99f41cdc15f3651f0a917217977157c1,src/event/ngx_event_openssl.c,.c,src/event,1653.0,56791.0,2.0,119.0,6.0,4708.0,27.0,2334.7786111111113,0.29350611670146487,0.20063038157454527,0.6608421608728775,0.17906836055656383,0.1124121311829187,f5036584840df54c066af8452fcc75b6af7ded97,Fixed memory leak with reordered stream frames.,src/event/ngx_event_quic.c,.c,src/event,2109.0,77171.0,2.0,126.0,125.0,12521.0,12410.0,54.06665509259259,0.27837643345001606,0.18563968330072178,0.6793344916472821,0.13418681839734473,0.09571020415622869,0.3001866945630214,0.015129683251448811,0.014990698273823488,-0.018492330774404597,0.04488154215921911,0.016701927026690017
72,nginx,CVE-2014-3616,ecfab06cb20959219c9aadc2ef59507488e4fa99,src/event/ngx_event_openssl.c,.c,src/event,3692.0,123309.0,2.0,274.0,25.0,8655.0,1222.0,5337.879895833334,0.2849750707349985,0.17863254101484888,0.6356718288903105,0.16603466955579632,0.17976615258537604,7250a7688da4ee9ad1a88fd1489bbb19ec2020ce,QUIC: fixed memory leak in ngx_quic_send_frames().,src/event/ngx_event_quic.c,.c,src/event,3708.0,134220.0,2.0,257.0,257.0,18779.0,18779.0,223.7203125,0.28063472887087787,0.18260318879451645,0.6540226946552816,0.1429341963322546,0.1521600439723727,0.06813467538198115,0.004340341864120634,-0.003970647779667574,-0.018350865764971136,0.023100473223541723,0.027606108613003333
73,nginx,CVE-2014-3616,ecfab06cb20959219c9aadc2ef59507488e4fa99,src/http/modules/ngx_http_ssl_module.c,.c,src/http,875.0,34147.0,3.0,106.0,5.0,3804.0,179.0,5344.934108796297,0.2656074743260687,0.16323542331683602,0.7125892068035267,0.10628571428571429,0.037068740680721746,6299f5e9149483251bbbcc8ad26cf29b6109e75c,"Avoid left-shifting integers into the sign bit, which is undefined.",src/http/modules/ngx_http_log_module.c,.c,src/http,1306.0,46773.0,3.0,107.0,0.0,5210.0,0.0,4623.915856481482,0.2900232689437297,0.1934663160370299,0.7054787756991493,0.1562021439509954,0.06510516911789281,0.4094260153501441,-0.024415794617661024,-0.030230892720193886,0.007110431104377368,-0.04991642966528112,-0.028036428437171065
74,nginx,CVE-2014-3616,ecfab06cb20959219c9aadc2ef59507488e4fa99,src/mail/ngx_mail_ssl_module.c,.c,src/mail,501.0,18990.0,2.0,50.0,3.0,1261.0,97.0,4919.898171296296,0.2685165103799899,0.1627172195892575,0.7467208792904428,0.10379241516966067,0.0,b32cb6b61079d2eff69c89e0e718a79258507717,Fixed worker_shutdown_timeout in various cases.,src/mail/ngx_mail_proxy_module.c,.c,src/mail,843.0,30832.0,2.0,53.0,0.0,2479.0,0.0,4828.767685185185,0.2762288533317424,0.1469252724442138,0.7187112277540318,0.1874258600237248,0.0,0.5767107887441774,-0.007712342951752493,0.0157919471450437,0.028009651536410995,-0.08363344485406413,0.0
75,nginx,CVE-2014-3616,ecfab06cb20959219c9aadc2ef59507488e4fa99,src/stream/ngx_stream_ssl_module.c,.c,src/stream,764.0,29659.0,2.0,24.0,2.0,1149.0,216.0,1407.1511921296296,0.2657442923123681,0.16521123436393675,0.7147282930425879,0.10863874345549739,0.024792751344358523,41d8ea8c8d268555d3cbd8dd2ab32dcc06658209,Fixed handling of unix sockets in $binary_remote_addr.,src/stream/ngx_stream_variables.c,.c,src/stream,921.0,30239.0,2.0,11.0,4.0,1302.0,188.0,477.1190740740741,0.2600733204441575,0.15073249776778333,0.7067909267522471,0.1259500542888165,0.003342300153745015,0.9206385648102584,0.005670971868210639,0.014478736596153424,0.007937366290340808,-0.01731131083331912,0.021450451190613506
76,nginx,CVE-2017-20005,0206ebe76f748bb39d9de4dd4b3fce777fdfdccf,src/core/ngx_times.c,.c,src/core,295.0,10959.0,2.0,58.0,1.0,1566.0,2.0,5055.654618055555,0.30123813773387387,0.25933023086047996,0.7758563253014812,0.0711864406779661,0.0,53bea399a006054350e9068b3a23f3dea89b1c0e,Fixed reference to time parsing code after 8b6fa4842133.,src/core/ngx_times.c,.c,src/core,295.0,10964.0,2.0,57.0,0.0,1564.0,0.0,5055.654583333333,0.30120797350872536,0.25921196643560745,0.7758563253014812,0.0711864406779661,0.0,0.01709443335930061,3.0164225148510138e-05,0.0001182644248725051,0.0,0.0,0.0
77,openssh,CVE-2006-0225,3eec6b73a2c446225fce546d61d83cfc695fbaa0,misc.c,.c,<root>,551.0,14117.0,0.0,65.0,16.0,1047.0,404.0,2084.9271412037037,0.3690052652288182,0.3737337961323227,0.7385249793180465,0.2250453720508167,0.0,10dce8ff68ef615362cfcab0c0cc33ce524e7682,upstream: unbreak; missing NULL check,readpass.c,.c,<root>,292.0,8445.0,0.0,65.0,12.0,1290.0,269.0,7683.817708333333,0.37537938777042634,0.38069863824748373,0.7620681997863238,0.21232876712328766,0.0,0.6333754372600273,-0.006374122541608129,-0.0069648421151610185,-0.02354322046827728,0.012716604927529046,0.0
78,openssh,CVE-2006-0225,3eec6b73a2c446225fce546d61d83cfc695fbaa0,misc.h,.h,<root>,49.0,2020.0,0.0,43.0,8.0,459.0,43.0,2288.2963425925927,0.3761368009168559,0.47128712871287126,0.8058552120192792,0.02040816326530612,0.0,599f01142a376645b15cbc9349d7e8975e1cf245,"fix merge botch that left "",,"" in KEX algs",myproposal.h,.h,<root>,173.0,5632.0,0.0,54.0,6.0,546.0,58.0,5531.229606481482,0.295908626948108,0.2919034090909091,0.7703494261231377,0.005780346820809248,0.0,1.4701758451005933,0.08022817396874793,0.17938371962196215,0.035505785896141506,0.014627816444496872,0.0
79,openssh,CVE-2006-0225,3eec6b73a2c446225fce546d61d83cfc695fbaa0,scp.c,.c,<root>,1034.0,27193.0,0.0,142.0,10.0,3981.0,93.0,2288.2963425925927,0.35338474933165204,0.3241643069907697,0.7172423340357408,0.23887814313346228,0.029920801838727938,5ef4b0fdcc7a239577a754829b50022b91ab4712,avoid FreeBSD RCS Id in comment,auth-pam.c,.c,<root>,1045.0,31525.0,0.0,149.0,1.0,3863.0,4.0,5880.8171180555555,0.3167006327328684,0.26997620935765265,0.720435392795161,0.1598086124401914,0.03353903546939243,0.05836260276174787,0.03668411659878362,0.05418809763311705,-0.0031930587594202198,0.07906953069327088,-0.0036182336306644913
80,openssh,CVE-2006-0225,3eec6b73a2c446225fce546d61d83cfc695fbaa0,sftp.c,.c,<root>,1345.0,35856.0,0.0,74.0,11.0,2546.0,76.0,1821.9369097222223,0.3326549886408306,0.29836010709504684,0.697206222532072,0.22973977695167286,0.0,0f5d19e6fe4b58a89e6dc8c71a2aae30365d193e,fix utmpx ifdef,loginrec.c,.c,<root>,1393.0,41617.0,0.0,106.0,1.0,5005.0,89.0,8878.46675925926,0.30270489065869893,0.2717399139774611,0.702760142130573,0.11557788944723618,0.04136279290241731,0.3903808020413919,0.029950097982131663,0.026620193117585733,-0.005553919598501045,0.11416188750443668,-0.04136279290241731
81,openssh,CVE-2008-1483,5f5cd746f357a87637a6a91605a44e1ed9a6dab1,channels.c,.c,<root>,2739.0,85973.0,0.0,256.0,5.0,13271.0,37.0,3080.7508564814816,0.3165005831801565,0.2414827911088365,0.6752541452382845,0.19788243884629428,0.12118882945460037,c3da05d95922f5550bcc7815e799474d6a160175,upstream: Plug potential mem leak in process_put.,sftp.c,.c,<root>,2292.0,64888.0,0.0,249.0,18.0,6220.0,314.0,8087.543229166667,0.32403047337702895,0.28080692886203923,0.6841558552059638,0.1806282722513089,0.09395792143146924,0.2057120835571853,-0.007529890196872446,-0.03932413775320273,-0.00890170996767925,0.017254166594985382,0.027230908023131134
82,openssh,CVE-2015-6563,d4697fe9a28dab7255c60433e4dd23cf7fce8a8b,monitor.c,.c,<root>,1655.0,51286.0,0.0,192.0,19.0,5937.0,466.0,4899.075069444444,0.3122691143656254,0.2532270015208829,0.6821767825430678,0.15166163141993957,0.12455527062556815,f85b118d2150847cc333895296bc230e367be6b5,upstream: Pass a NULL instead of zeroed out va_list from,misc.c,.c,<root>,2043.0,52520.0,0.0,194.0,15.0,4189.0,469.0,7316.899988425926,0.31956908057770034,0.3089108910891089,0.6761336395415887,0.13901125795398922,0.08008998999203047,0.2208129860372514,-0.00729996621207496,-0.05568388956822601,0.006043143001479123,0.012650373465950354,0.04446528063353768
83,openssh,CVE-2015-6563,d4697fe9a28dab7255c60433e4dd23cf7fce8a8b,monitor_wrap.c,.c,<root>,848.0,25370.0,0.0,105.0,7.0,3886.0,284.0,4899.075069444444,0.2785276110200255,0.23823413480488767,0.686296372500995,0.07429245283018868,0.046352437327118065,5f25afe5216ba7f8921e04f79aa4ca0624eca820,upstream: fix null-deref on calloc failure; ok djm,auth-options.c,.c,<root>,759.0,23134.0,0.0,92.0,9.0,3813.0,130.0,7207.890810185185,0.3271790402984463,0.24656349961096222,0.7036422337642809,0.27009222661396576,0.0,0.2415803539897814,-0.04865142927842081,-0.008329364806074546,-0.017345861263285967,-0.19579977378377708,0.046352437327118065
84,openssh,CVE-2015-6564,5e75f5198769056089fb06c4d738ab0e5abc66f7,monitor.c,.c,<root>,1654.0,51239.0,0.0,193.0,20.0,5939.0,468.0,4899.075069444444,0.3123811189598258,0.25338121352875737,0.6822754180142305,0.15175332527206772,0.12455527062556815,803e22eabd3ba75485eedd8b7b44d6ace79f2052,upstream: fix regression in OpenSSH 9.4 (mux.c r1.99) that caused,kex.c,.c,<root>,1311.0,38785.0,0.0,195.0,6.0,5621.0,86.0,8535.891458333334,0.3318828208817247,0.2756478019853036,0.6927435647091905,0.2143401983218917,0.07846348455575214,0.24250481847431793,-0.01950170192189893,-0.02226658845654622,-0.01046814669495999,-0.06258687304982397,0.04609178606981601
85,openssh,CVE-2015-8325,85bdcd7c92fe7ff133bbc4e10a65c91810f88755,session.c,.c,<root>,2332.0,69290.0,0.0,442.0,5.0,9396.0,136.0,5855.982881944445,0.32839737657700024,0.291340741809785,0.6764295892874578,0.1702401372212693,0.13196721209469953,31f1ee54968ad84eb32375e4412e0318766b586b,upstream: initialize cname in case ai_canonname is NULL or too,ssh.c,.c,<root>,1933.0,66350.0,0.0,521.0,20.0,11530.0,204.0,7442.938043981481,0.3447192191930321,0.2807686510926903,0.6910267219014614,0.23693740300051733,0.12526654324502484,0.35166241384569386,-0.016321842616031867,0.010572090717094695,-0.014597132614003638,-0.06669726577924803,0.006700668849674685
86,openssh,CVE-2016-6210,9286875a73b2de7736b5e50692739d314cd8d9dc,auth-passwd.c,.c,<root>,186.0,6345.0,0.0,92.0,0.0,2214.0,0.0,6106.00207175926,0.39699455071352674,0.41040189125295506,0.8222207272361874,0.1935483870967742,0.0,2519110659a1efac6c976895a86659d1b341c91b,upstream: match_user() shouldn't be called with user==NULL unless,match.c,.c,<root>,289.0,9784.0,0.0,50.0,0.0,818.0,0.0,8561.989270833334,0.375568068239093,0.3726492232215863,0.7816794400846826,0.20761245674740483,0.0,1.0395461665548633,0.02142648247443374,0.037752668031368786,0.040541287151504846,-0.014064069650630645,0.0
87,openssh,CVE-2016-6210,9286875a73b2de7736b5e50692739d314cd8d9dc,openbsd-compat/xcrypt.c,.c,openbsd-compat,100.0,3430.0,1.0,14.0,0.0,178.0,0.0,4739.870474537037,0.4062884396708193,0.39096209912536445,0.8404598811322567,0.23,0.0,945bf52c3c815d95b1e842ebf6c910c3524bd5bb,Fix a couple of mysig_t leftovers.,openbsd-compat/bsd-openpty.c,.c,openbsd-compat,157.0,5250.0,1.0,14.0,2.0,306.0,13.0,5846.1663078703705,0.3864916445831403,0.428,0.800358651934826,0.1464968152866242,0.0,0.4474745161857072,0.01979679508767901,-0.03703790087463554,0.04010122919743064,0.08350318471337581,0.0
88,openssh,CVE-2016-6515,fcd135c9df440bcd2d5870405ad3311743d78d97,auth-passwd.c,.c,<root>,190.0,6433.0,0.0,93.0,1.0,2226.0,12.0,6112.995798611111,0.39671305730117173,0.4091403699673558,0.8215676903275704,0.19473684210526315,0.0,416287d45fcde0a8e66eee8b99aa73bd58607588,Fix sshbuf_new error path in skey.,monitor_wrap.c,.c,<root>,879.0,29609.0,0.0,131.0,17.0,4881.0,787.0,5963.932905092593,0.2918485476236825,0.20676145766489917,0.660263915170083,0.20022753128555176,0.04051414631363439,1.8671556197419887,0.10486450967748923,0.20237891230245664,0.1613037751574874,-0.00549068918028861,-0.04051414631363439
89,openssh,CVE-2016-8858,ec165c392ca54317dbe3064a8c200de6531e89ad,kex.c,.c,<root>,910.0,26158.0,0.0,140.0,16.0,4518.0,210.0,6036.136412037037,0.33391826620365006,0.2850753115681627,0.7032929275789904,0.21428571428571427,0.051569983828404276,67b7c784769c74fd4d6b147d91e17e1ac1a8a96d,"upstream: Check sshauthopt_new() for NULL. bz#3425, from",auth.c,.c,<root>,856.0,28253.0,0.0,223.0,6.0,5157.0,104.0,8061.431018518519,0.35564986822175526,0.3224790287757052,0.7280661928922472,0.21845794392523366,0.06220518194563755,0.5239911401390493,-0.0217316020181052,-0.03740371720754254,-0.024773265313256743,-0.004172229639519381,-0.010635198117233277
90,openssh,CVE-2018-20685,6010c0303a422a9c5fa8860c061bf7105eb7f8b2,scp.c,.c,<root>,1263.0,33889.0,0.0,218.0,4.0,5245.0,59.0,6959.973518518518,0.34758776600690267,0.3035793325267786,0.706818403332073,0.2367379255740301,0.05999128421871269,6c2039286f503e2012a58a1d109e389016e7a99b,fix merge both that broke --without-ssh1 compile,ssh-agent.c,.c,<root>,1214.0,34814.0,0.0,221.0,16.0,6189.0,691.0,5606.754224537037,0.33916674163637045,0.28126615729304305,0.6966241932363074,0.23064250411861614,0.07944158663501052,0.05314287098793269,0.008421024370532215,0.02231317523373555,0.010194210095765599,0.006095421455413946,-0.019450302416297832
91,openssh,CVE-2020-12062,aad87b88fc2536b1ea023213729aaf4eaabe1894,scp.c,.c,<root>,1514.0,40318.0,0.0,232.0,6.0,5649.0,57.0,7492.123240740741,0.3480074432222458,0.3008085718537626,0.6976759992997807,0.2430647291941876,0.07481928495894596,1ff38f34b4c4545eb28106629cafa1e0496bc726,Fix memory leak in error path.,auth-pam.c,.c,<root>,1197.0,37244.0,0.0,182.0,3.0,4476.0,11.0,7917.981527777778,0.32006944388940234,0.2650628289120395,0.7063608167008962,0.1846282372598162,0.05038257379957507,0.47631423999235345,0.027937999332843466,0.03574574294172306,-0.008684817401115486,0.05843649193437139,0.02443671115937089
92,openssh,CVE-2020-14871,fcf429a4c69d30d8725612a55b37181594da8ddf,auth-pam.c,.c,<root>,1193.0,37028.0,0.0,179.0,5.0,4465.0,20.0,7621.956087962963,0.3194464189169741,0.2644485254402074,0.7064424795397491,0.18273260687342832,0.05038257379957507,07f2c7f34951c04d2cd796ac6c80e47c56c4969e,upstream: fix memory leak in error path; bz#3074 patch from,sftp-client.c,.c,<root>,1631.0,51988.0,0.0,148.0,4.0,4851.0,73.0,6815.6762384259255,0.3098017309377541,0.2027583288451181,0.6689607460554289,0.2544451256897609,0.07142455176661233,0.5015077865162558,0.009644687979220024,0.061690196595089314,0.03748173348432027,-0.07171251881633259,-0.02104197796703726
93,openssh,CVE-2020-29368,195313dfe10a23c82e9d56d5fdd2f59beee1bdcf,sandbox-seccomp-filter.c,.c,<root>,399.0,12497.0,0.0,49.0,4.0,642.0,23.0,3960.0408333333335,0.2995717532106527,0.29447067296151075,0.7504088955280394,0.040100250626566414,0.0,7d25b37fb2a5ff4dadabcbdac6087a97479434f5,fix possible NULL deref when built without FIDO,ssh-sk.c,.c,<root>,780.0,22855.0,0.0,41.0,4.0,1582.0,110.0,966.2086805555556,0.3064922212227727,0.23950995405819295,0.7230223265999689,0.17692307692307693,0.0,0.843463989876482,-0.006920468012119985,0.0549607189033178,0.027386568928070454,-0.13682282629651052,0.0
94,openssh,CVE-2020-29374,195313dfe10a23c82e9d56d5fdd2f59beee1bdcf,sandbox-seccomp-filter.c,.c,<root>,399.0,12497.0,0.0,49.0,4.0,642.0,23.0,3960.0408333333335,0.2995717532106527,0.29447067296151075,0.7504088955280394,0.040100250626566414,0.0,23490a6c970ea1d03581a3b4208f2eb7a675f453,fix previous test,ssh-pkcs11.c,.c,<root>,1447.0,43986.0,0.0,47.0,19.0,2731.0,1712.0,3265.239363425926,0.30012019613447055,0.22875460373755285,0.7000626812644444,0.1465100207325501,0.07879025593914317,1.3272960203579345,-0.0005484429238178379,0.0657160692239579,0.05034621426359498,-0.10640977010598368,-0.07879025593914317
95,openssh,CVE-2021-28041,e04fd6dde16de1cdc5a4d9946397ff60d96568db,ssh-agent.c,.c,<root>,1427.0,40685.0,0.0,305.0,21.0,8796.0,790.0,7784.0145601851855,0.3419728981003892,0.2939166769079513,0.6977080340222155,0.21793973370707778,0.09098930837700418,58c819096a2167983e55ae686486ce317b69b2d1,upstream: Prevent possible null pointer deref of ip_str in debug.,clientloop.c,.c,<root>,2066.0,72463.0,0.0,328.0,17.0,11214.0,233.0,7403.242418981482,0.3406270457403724,0.27674813353021543,0.6808297074142758,0.22991287512100678,0.13641346550080513,0.4422960655952295,0.0013458523600168304,0.01716854337773588,0.016878326607939642,-0.011973141413928995,-0.04542415712380095
96,openssh,CVE-2022-42703,195313dfe10a23c82e9d56d5fdd2f59beee1bdcf,sandbox-seccomp-filter.c,.c,<root>,399.0,12497.0,0.0,49.0,4.0,642.0,23.0,3960.0408333333335,0.2995717532106527,0.29447067296151075,0.7504088955280394,0.040100250626566414,0.0,97370f6c2c3b825f8c577b7e6c00b1a98d30a6cf,Fix building w/out ECC.,ssh-pkcs11.c,.c,<root>,1528.0,46326.0,0.0,53.0,24.0,2929.0,1905.0,3381.1068171296297,0.29974030872771684,0.22613651081466132,0.6973425263085397,0.14921465968586387,0.08201789624151878,1.417865699957209,-0.0001685555170641284,0.06833416214684943,0.0530663692194997,-0.10911440905929745,-0.08201789624151878
97,openssh,CVE-2023-25136,486c4dc3b83b4b67d663fb0fa62bc24138ec3946,compat.c,.c,<root>,194.0,6369.0,0.0,119.0,1.0,1490.0,3.0,8282.998993055555,0.3338141038087546,0.3504474799811587,0.7707541196980561,0.07731958762886598,0.0,a393759f9693a08a7fba18d4824b74f2dda1fe3d,Fix ut_type for btmp records,loginrec.c,.c,<root>,1443.0,42612.0,0.0,116.0,6.0,5141.0,52.0,9380.040358796296,0.3028468349442147,0.270698394818361,0.700780798522511,0.11711711711711711,0.04594316186372964,2.027490568873314,0.030967268864539876,0.07974908516279772,0.06997332117554511,-0.03979752948825113,-0.04594316186372964
98,openssh,CVE-2023-51384,881d9c6af9da4257c69c327c4e2f1508b2fa754b,ssh-agent.c,.c,<root>,2017.0,60782.0,0.0,330.0,6.0,9789.0,45.0,8818.464618055556,0.3365346161992302,0.27289329077687474,0.6846872692040191,0.22756569162121965,0.11344263202209266,6c31ba10e97b6953c4f325f526f3e846dfea647a,upstream: Don't leak the strings allocated by order_hostkeyalgs(),sshconnect2.c,.c,<root>,2031.0,66826.0,0.0,352.0,9.0,10406.0,129.0,8097.5723148148145,0.3266797879245184,0.2554245353604884,0.6665555405936752,0.224027572624323,0.12479275134435852,0.07126328934105253,0.009854828274711791,0.017468755416386317,0.018131728610343956,0.0035381189968966553,-0.011350119322265859
99,openssh,CVE-2023-51385,7ef3787c84b6b524501211b11a26c742f829af1a,ssh.c,.c,<root>,2092.0,72972.0,0.0,601.0,17.0,12949.0,150.0,8818.4659375,0.34341278312932577,0.273378830236255,0.6838472656255845,0.2447418738049713,0.1357552004618084,f59a94e22e46db2c23eddeb871aa9e8d93ab0016,upstream: don't dereference NULL pointer when hashing jumphost,ssh.c,.c,<root>,2092.0,72963.0,0.0,600.0,20.0,12943.0,175.0,8750.969166666666,0.3433802791952796,0.2733029069528391,0.6837491498954951,0.2447418738049713,0.1357552004618084,0.001662510773613235,3.2503934046190786e-05,7.592328341587962e-05,9.811573008944308e-05,0.0,0.0
100,openssh,CVE-2024-7594,5166b6cbf2b6103117a79f90a68068e89e02bf66,auth2-hostbased.c,.c,<root>,233.0,8416.0,0.0,55.0,2.0,699.0,19.0,8599.224641203704,0.3691486964490361,0.36454372623574144,0.7734110211024211,0.19742489270386265,0.0,ad38ec5f1b6768944d64ed7709da8706538b5509,upstream: fix leak on error path; Coverity CID 481976,misc-agent.c,.c,<root>,309.0,9076.0,0.0,9.0,9.0,396.0,396.0,50.22462962962963,0.3599309368556235,0.378250330542089,0.7643426791047571,0.15210355987055016,0.0,2.004017779862594,0.009217759593412589,-0.01370660430634757,0.009068341997664042,0.045321332833312494,0.0
101,openssh,CVE-2024-7594,5166b6cbf2b6103117a79f90a68068e89e02bf66,auth2-pubkey.c,.c,<root>,782.0,25917.0,0.0,128.0,3.0,4388.0,20.0,8599.224641203704,0.3276533685878501,0.26939846432843306,0.7235913711064965,0.20588235294117646,0.024792751344358523,ea9af2921cb6af8e65341531db3a7351917f0a92,upstream: fix crash at exit (visible via ssh-keygen -D) when,ssh-pkcs11.c,.c,<root>,1992.0,60527.0,0.0,92.0,15.0,4458.0,957.0,5718.230150462963,0.3026708102288012,0.2253539742594214,0.6880146903968465,0.16214859437751003,0.10306671362469419,1.2614765354304076,0.02498255835904889,0.04404449006901165,0.03557668070965003,0.04373375856366643,-0.07827396228033567
102,openssh,CVE-2024-7594,5166b6cbf2b6103117a79f90a68068e89e02bf66,auth2-pubkeyfile.c,.c,<root>,420.0,14493.0,0.0,6.0,2.0,545.0,29.0,1304.8009375,0.35188281211300826,0.32312150693438213,0.76388719040102,0.2,0.0,14beca57ac92d62830c42444c26ba861812dc837,upstream: backout 1.293 fix kex mem-leak in ssh_packet_close at markus,packet.c,.c,<root>,2299.0,73632.0,0.0,305.0,9.0,12021.0,90.0,7549.278287037037,0.32001022726521783,0.24505649717514125,0.6608605187279918,0.22053066550674205,0.12431739834729516,5.475706521131928,0.03187258484779043,0.07806500975924088,0.10302667167302826,-0.02053066550674204,-0.12431739834729516
103,openssh,CVE-2024-7594,5166b6cbf2b6103117a79f90a68068e89e02bf66,ssh-agent.c,.c,<root>,2278.0,69112.0,0.0,352.0,12.0,10424.0,196.0,9552.922696759259,0.3359522801170776,0.26786954508623684,0.6788250522221951,0.23222124670763827,0.12502984179063326,1c1124dc901fca1ea2cb762044b8f1a5793a2bed,upstream: don't leak arg2 on parse_pubkey_algos error path; ok,readconf.c,.c,<root>,3080.0,99965.0,0.0,362.0,9.0,9747.0,157.0,8556.034652777778,0.32000702932503,0.23418196368729055,0.6507372619831632,0.2327922077922078,0.1539158811108031,0.32945224668253736,0.015945250792047616,0.03368758139894629,0.028087790239031962,-0.0005709610845695268,-0.028886039320169837
104,openssh,CVE-2024-7594,5166b6cbf2b6103117a79f90a68068e89e02bf66,ssh-keygen.c,.c,<root>,3509.0,107964.0,0.0,527.0,13.0,15186.0,360.0,9552.922696759259,0.33568752675365354,0.2560668370938461,0.6557792679003529,0.2516386434881733,0.17210991887071855,c47e1c9c7911f38b2fc2fb01b1f6ae3a3121a838,upstream: fix memory leak in mux proxy mode when requesting forwarding.,channels.c,.c,<root>,4593.0,149514.0,0.0,442.0,9.0,23601.0,206.0,8896.972743055556,0.3238337673951679,0.23199165295557606,0.6428701207297487,0.24580883953842805,0.17665289085988647,0.4446615804502567,0.01185375935848565,0.024075184138270034,0.012909147170604207,0.005829803949745221,-0.004542971989167921
105,openssh,CVE-2024-7594,5166b6cbf2b6103117a79f90a68068e89e02bf66,sshconnect.c,.c,<root>,1520.0,51517.0,0.0,357.0,11.0,13319.0,53.0,9552.922696759259,0.34132705480889747,0.28749733097812374,0.7098706916239124,0.20592105263157895,0.10579917227591765,e3fa20e2e58fdc88a0e842358778f2de448b771b,avoid -Wsign-compare warning in argv copying,sshd.c,.c,<root>,1809.0,59841.0,0.0,528.0,19.0,21028.0,281.0,6571.07130787037,0.35062435952921933,0.31206029311007505,0.6951908701785969,0.205085682697623,0.1422064766172813,0.5644142774581775,-0.009297304720321864,-0.024562962131951305,0.014679821445315433,0.0008353699339559428,-0.03640730434136366
106,sqlite,CVE-2019-19242,57f7ece78410a8aae86aa4625fb7556897db384c,src/expr.c,.c,src,5237.0,202030.0,1.0,1060.0,113.0,29210.0,1982.0,7113.120752314815,0.32144404204605975,0.2560411820026729,0.6562697219601948,0.18560244414741264,0.19248125036057803,3f2d7d4aaa9c2e1e2fd6b4ab8412361a9867a3ce,Fix some cases where integrity-check would fail to identify real values in indexed expressions that are with 2 ULPs of each other.,src/vdbeaux.c,.c,src,5184.0,185844.0,1.0,1201.0,25.0,25229.0,726.0,8228.6209375,0.3332232464811799,0.28919954370332107,0.6533362473186051,0.1720679012345679,0.22070143201775316,0.1349448808852003,-0.01177920443512015,-0.033158361700648176,0.0029334746415897728,0.013534542912844755,-0.02822018165717513
107,sqlite,CVE-2019-19242,57f7ece78410a8aae86aa4625fb7556897db384c,src/wherecode.c,.c,src,2171.0,94562.0,1.0,178.0,43.0,3931.0,530.0,1628.9281828703704,0.327968896062032,0.2840464457181532,0.6915492645545582,0.17273146015660987,0.12360141919000842,c2f7be11bb53aeb23746510b4be769cd86139096,Fix harmless typo in a comment.,src/date.c,.c,src,1691.0,49435.0,1.0,212.0,3.0,5206.0,11.0,8002.295405092593,0.3179709495357505,0.28771113583493474,0.6829567569931573,0.16972205795387343,0.05584207132686636,0.4236435007563282,0.009997946526281498,-0.003664690116781555,0.008592507561400953,0.003009402202736433,0.06775934786314206
108,sqlite,CVE-2019-19244,e59c562b3f6894f84c715772c4b116d7b5c01348,src/select.c,.c,src,6024.0,246731.0,1.0,1107.0,54.0,32763.0,437.0,7113.777199074074,0.318296553674576,0.2671654554960666,0.6612869085734449,0.1553784860557769,0.19701058906121816,3ca448dee5085e8754f5934a6f472779910b7969,Fix harmless signed/unsigned compiler warnings.,src/vdbeaux.c,.c,src,5187.0,186031.0,1.0,1202.0,26.0,25255.0,752.0,8228.627731481482,0.33331262119617916,0.2892743682504529,0.6532237559223476,0.17216117216117216,0.22106713437856218,0.23183106158997102,-0.015016067521603171,-0.022108912754386312,0.00806315265109725,-0.016782686105395267,-0.024056545317344025
109,sqlite,CVE-2019-19317,522ebfa7cee96fb325a22ea3a2464a63485886a8,src/resolve.c,.c,src,1664.0,66051.0,1.0,244.0,46.0,4334.0,579.0,4110.126273148148,0.3314702897842407,0.28057107386716323,0.7045879494416947,0.20673076923076922,0.0693486957499326,34775b696b7c7a04b6b6fcc0e2c5e2e67652cea5,Fix a syntax error in the tcl script part of [199b6567bb41cd].,src/printf.c,.c,src,1389.0,49202.0,1.0,275.0,12.0,6248.0,314.0,9127.9,0.3045751457686234,0.27752936872484857,0.6887603505232545,0.15046796256299497,0.00821490413538708,0.2996640314622292,0.026895144015617323,0.0030417051423146657,0.01582759891844021,0.05626280666777425,0.061133791614545525
110,sqlite,CVE-2019-19603,527cbd4a104cb93bf3994b3dd3619a6299a78b13,src/build.c,.c,src,4470.0,167797.0,1.0,1012.0,71.0,27130.0,933.0,7109.992581018519,0.30844094131101313,0.2869181213013344,0.6591431530081419,0.1221476510067114,0.14304525516655317,1be5689087a8095183f53df4592dfdc71cc90b89,Avoid returning SQLITE_ERROR_RETRY if collation sequences associated with the table's PK cannot be found when creating an index. Possible fix for [forum:aa61ab56ad | forum post aa61ab56ad].,src/main.c,.c,src,4516.0,168198.0,1.0,1166.0,23.0,22404.0,221.0,9214.053043981481,0.30139973981744383,0.260841389314974,0.6545460113890817,0.10363153232949512,0.18376279331714046,0.15175608745849534,0.0070412014935692935,0.026076731986360346,0.004597141619060108,0.01851611867721628,-0.04071753815058729
111,sqlite,CVE-2019-19603,527cbd4a104cb93bf3994b3dd3619a6299a78b13,src/sqliteInt.h,.h,src,4283.0,208702.0,1.0,1921.0,111.0,17857.0,625.0,7109.992581018519,0.3096086024299998,0.2957757951528974,0.6361372579011145,0.03712351155731963,0.3023061249735335,4bace197e10f565b89b991c2da825da3d6d30946,Fix the cases in joinI.test on this branch.,src/sqliteInt.h,.h,src,5270.0,256530.0,1.0,2407.0,51.0,21327.0,395.0,9217.08375,0.31148165873155337,0.29317818578723737,0.6303043522002328,0.03908918406072106,0.33014961949825494,0.43276316218604016,-0.001873056301553544,0.0025976093656600585,0.005832905700881685,-0.0019656725034014264,-0.027843494524721457
112,sqlite,CVE-2019-19645,38096961c7cd109110ac21d3ed7dad7e0cb0ae06,src/alter.c,.c,src,1470.0,54414.0,1.0,193.0,20.0,5201.0,241.0,5409.476226851852,0.31440225768078334,0.2622486859999265,0.7113550034179915,0.15510204081632653,0.06366246205436496,5a7338651150a923b9c9e4d5e43325539480d0e1,Fix a harmless compiler warning.,src/fkey.c,.c,src,1321.0,59574.0,1.0,148.0,3.0,3290.0,25.0,6022.721296296297,0.3137881775146295,0.2661395910967872,0.7096310117088922,0.15897047691143074,0.049984588708320565,0.3707085533076757,0.0006140801661538298,-0.003890905096860686,0.001723991709099315,-0.003868436095104205,0.013677873346044395
113,sqlite,CVE-2019-19645,38096961c7cd109110ac21d3ed7dad7e0cb0ae06,src/build.c,.c,src,4472.0,168122.0,1.0,1015.0,70.0,27152.0,932.0,7132.741469907407,0.3086588230958211,0.28700586478866535,0.6591377745262286,0.12276386404293381,0.14346282276367256,4ac766cc05f6fabdf1ab27027eb435c6fa781d22,"Have sqlite3_set_errmsg() return SQLITE_MISUSE if a NULL db handle is passed to it, as documented.",src/main.c,.c,src,4548.0,169392.0,1.0,1172.0,21.0,22452.0,170.0,9295.848252314814,0.301162422851614,0.26034287333522244,0.6543429411215357,0.10334212840809147,0.18423503434138072,0.16053932465220377,0.007496400244207113,0.02666299145344292,0.004794833404692889,0.01942173563484234,-0.04077221157770816
114,sqlite,CVE-2019-19645,38096961c7cd109110ac21d3ed7dad7e0cb0ae06,src/sqliteInt.h,.h,src,4288.0,208842.0,1.0,1923.0,105.0,17868.0,596.0,7132.741469907407,0.3095803508848818,0.2957020139627087,0.6360977647051753,0.037080223880597014,0.30237543532994166,ba1ee803eede99b3eefae0dd6ec6d2dbce9817c6,Add experimental implementations of ALTER TABLE commands to add and drop CHECK and NOT NULL constraints.,src/sqliteInt.h,.h,src,5272.0,256684.0,1.0,2411.0,50.0,21333.0,389.0,9252.023159722223,0.3114741915606722,0.2931581243864051,0.6302462764874285,0.039074355083459786,0.3303209948944776,0.43259578163501455,-0.0018938406757904036,0.002543889576303582,0.005851488217746836,-0.0019941312028627714,-0.027945559564535927
115,sqlite,CVE-2019-19646,ebd70eedd5d6e6a890a670b5ee874a5eae86b4dd,src/pragma.c,.c,src,2299.0,87593.0,1.0,498.0,16.0,11591.0,141.0,6090.780358796296,0.3244065868153801,0.2743255739613896,0.6720969216781777,0.17094388864723792,0.1527477006060396,31d4e56b297266828938dffda1eff6575a5614e3,Fix a harmless compiler warning from MSVC.,src/util.c,.c,src,1778.0,54500.0,1.0,496.0,13.0,21086.0,3520.0,9394.914722222222,0.334365022226757,0.33710091743119264,0.6692583085152725,0.17604049493813273,0.06865005271832185,0.26087378390629645,-0.00995843541137692,-0.06277534346980301,0.0028386131629052347,-0.005096606290894812,0.08409764788771774
116,sqlite,CVE-2019-19880,75e95e1fcd52d3ec8282edb75ac8cd0814095d54,src/window.c,.c,src,2711.0,102266.0,1.0,150.0,81.0,9856.0,5319.0,580.1303587962963,0.2960498293156622,0.23128899145366005,0.6754749681598777,0.1346366654371081,0.11548181090521048,990d861038768258588be00b3584d58108d12185,Add new assert() statements to demonstrate that the complaint given in [forum:/forumpost/56ad8b632c|forum post 56ad8b632c] is not a real bug.,src/fkey.c,.c,src,1317.0,59504.0,1.0,146.0,1.0,3276.0,11.0,5990.959675925926,0.3140259655909368,0.2664862866361925,0.7094097217642967,0.15945330296127563,0.05038257379957507,0.7484181840340218,-0.017976136275274612,-0.03519729518253245,-0.033934753604419,-0.024816637524167545,0.06509923710563541
117,sqlite,CVE-2019-19923,396afe6f6aa90a31303c183e11b2b2d4b7956b35,src/select.c,.c,src,6030.0,246866.0,1.0,1110.0,54.0,32771.0,437.0,7140.220219907407,0.31837455595335384,0.2671975889753956,0.6612444219109772,0.15572139303482588,0.19701058906121816,b2006499c799386849494829ca59ff4c4a645592,Fix a problem with the find-delete-key method on this branch.,src/vdbeaux.c,.c,src,5121.0,183080.0,1.0,1192.0,16.0,24903.0,400.0,8226.818020833334,0.3322956287557968,0.2885022940790911,0.6531171841208402,0.17086506541691077,0.21836353814732182,0.23457847914980157,-0.01392107280244298,-0.02130470510369553,0.00812723779013702,-0.015143672382084888,-0.021352949086103662
118,sqlite,CVE-2019-19924,8654186b0236d556aa85528c2573ee0b6ab71be3,src/expr.c,.c,src,5257.0,202684.0,1.0,1068.0,114.0,29251.0,1964.0,7141.210196759259,0.32139532444112834,0.2563251169307888,0.6559322815078261,0.18546699638577135,0.19248125036057803,2953e950c8c8f62dc5710be3279b411b0cac5808,Fix display of P4_INDEX values in EXPLAIN output.,src/vdbeaux.c,.c,src,5129.0,183917.0,1.0,1196.0,20.0,25125.0,622.0,8227.63537037037,0.3330210987119101,0.28921741872692575,0.6531800731491231,0.17196334568141938,0.2197216693110052,0.1377398616579404,-0.011625774270781764,-0.03289230179613695,0.0027522083587030455,0.013503650704351972,-0.02724041895042717
119,sqlite,CVE-2019-19924,8654186b0236d556aa85528c2573ee0b6ab71be3,src/vdbeaux.c,.c,src,4563.0,163249.0,1.0,1004.0,41.0,21873.0,469.0,5948.017719907408,0.33102366620801693,0.29066027969543456,0.6587943302115667,0.16524216524216523,0.2030667136246942,9334b9f1b8dc0f8a1c6f1edfdeb0157f1ba1cc7b,Fix calls to sqlite3_wal_checkpoint_v2(SQLITE_CHECKPOINT_NOOP) so that they do not return SQLITE_MISUSE.,src/main.c,.c,src,4554.0,169680.0,1.0,1176.0,24.0,22463.0,180.0,9326.860717592592,0.30125914835390166,0.26031353135313534,0.654307518428686,0.10342555994729907,0.18486229404293386,0.15995518805500808,0.02976451785411527,0.030346748342299223,0.004486811782880795,0.061816605294866156,0.018204419581760334
120,sqlite,CVE-2019-19924,8654186b0236d556aa85528c2573ee0b6ab71be3,src/window.c,.c,src,2713.0,102358.0,1.0,151.0,82.0,9858.0,5321.0,581.9857060185185,0.2962073263659029,0.23136442681568611,0.6754006094936231,0.1349060081091043,0.1159871336778389,15357aaf10261b1c71b8e0197c75e9030c86ef1a,Fix the initialization of the sqlite3Api&#91;&#93; constant to conform with the previous check-in.,src/loadext.c,.c,src,843.0,25488.0,1.0,150.0,6.0,1937.0,58.0,7171.934282407407,0.30673273633181297,0.27899403640929066,0.7238121453952335,0.0771055753262159,0.07615512324444787,1.1746270298302095,-0.01052540996591006,-0.047629609593604544,-0.0484115359016104,0.057800432782888406,0.03983201043339103
121,sqlite,CVE-2019-19925,54d501092d88c0cf89bec4279951f548fb0b8618,ext/misc/zipfile.c,.c,ext/misc,1890.0,64305.0,2.0,52.0,2.0,5321.0,41.0,722.7747916666667,0.27114427165123195,0.27064769458051474,0.6902045835410321,0.033862433862433865,0.0,d06a0be514410d3c7953c927ce7322923f02f457,Fix a faulty error message in the ext/misc/fileio.c extension.,ext/misc/fileio.c,.c,ext/misc,1011.0,32910.0,2.0,54.0,6.0,1892.0,208.0,4149.9771875,0.32622203374753805,0.29355818900030384,0.720395925433637,0.1533135509396637,0.0539158811108031,0.6622184904913957,-0.055077762096306104,-0.022910494419789096,-0.03019134189260486,-0.11945111707722983,-0.0539158811108031
122,sqlite,CVE-2019-19926,8428b3b437569338a9d1e10c4cd8154acbe33089,src/select.c,.c,src,6035.0,247024.0,1.0,1111.0,55.0,32779.0,445.0,7141.273240740741,0.3183272670544828,0.2670874085109139,0.6611650807996505,0.15575807787903895,0.19701058906121816,974b8d7df00d9c539600c097e6e0819542779cec,Fix a problem with the merge at [cb604efdb40da95a].,src/vdbeaux.c,.c,src,4998.0,178739.0,1.0,1186.0,21.0,24692.0,260.0,8059.0200115740745,0.33224454408527393,0.28835340916084345,0.6534545122493175,0.17126850740296118,0.21674181458317374,0.25377256827330985,-0.013917277030791153,-0.021266000649929562,0.00771056855033303,-0.015510429523922231,-0.01973122552195558
123,sqlite,CVE-2019-19959,d8f2d46cbc9925e034a68aaaf60aad788d9373c1,ext/misc/zipfile.c,.c,ext/misc,1890.0,64271.0,2.0,54.0,4.0,5323.0,43.0,727.0170717592592,0.2712070593329244,0.2708686654945465,0.6901343242640235,0.033862433862433865,0.0,323199b57eb046cd9d16bfc4909caeebe70915f7,Fix a memory leak in the fileio extension on windows.  Other changes to makefiles and similar to get zipfile testing working on Windows.,ext/misc/fileio.c,.c,ext/misc,1011.0,32909.0,2.0,55.0,7.0,1894.0,210.0,4207.419236111111,0.3262063895891516,0.2934759488285879,0.7204488543113511,0.1533135509396637,0.0539158811108031,0.643195724313725,-0.05499933025622722,-0.022607283334041384,-0.030314530047327537,-0.11945111707722983,-0.0539158811108031
124,sqlite,CVE-2019-20218,a6c1a71cde082e09750465d5675699062922e387,src/select.c,.c,src,6053.0,247748.0,1.0,1114.0,57.0,32809.0,464.0,7149.222118055555,0.3184088251924758,0.2670657280785314,0.6608824852004279,0.15612093176937056,0.19744145898055265,4ebf49168ab999672e4d1f1119996796727f0896,Fix a harmless compiler warning associated with flexarrays.,src/vdbeaux.c,.c,src,4990.0,178348.0,1.0,1189.0,21.0,24754.0,301.0,8089.882824074074,0.3322590358485251,0.28841366317536504,0.6536385168018608,0.1713426853707415,0.2159871336778389,0.2581818223234116,-0.0138502106560493,-0.021347935096833637,0.007243968398567113,-0.01522175360137093,-0.01854567469728624
125,sqlite,CVE-2025-29088,56d2fd008b108109f489339f5fd55212bb50afd4,src/main.c,.c,src,4461.0,166384.0,1.0,1157.0,17.0,22306.0,205.0,9029.993622685186,0.30100000990168296,0.26096860275026446,0.6549186941610193,0.10266756332660838,0.1815383295813538,faf1a259ccd9c32ff988a554f7c764069d61c6cc,New assert()s help clarify constraints on xOpen method.,src/os_unix.c,.c,src,7485.0,295461.0,1.0,865.0,32.0,48681.0,878.0,8965.896030092592,0.3161837208968622,0.2697445686571155,0.6416896179848581,0.156312625250501,0.21699250014423122,0.8080022630424022,-0.015183710995179234,-0.008775965906851035,0.013229076176161203,-0.05364506192389261,-0.03545417056287742
126,zlib,CVE-2014-9485,14a5f8f266c16c87ab6c086fc52b770b27701e01,contrib/minizip/miniunz.c,.c,contrib/minizip,545.0,17686.0,2.0,22.0,6.0,6055.0,74.0,4512.6999189814815,0.3313093217730743,0.2705529797580007,0.747593642142215,0.20733944954128442,0.0,d4eaa1d939f59822ba3ab0b56a547a8fcde33f7e,Avoid unterminated file name in contrib/minizip/miniunz.c.,contrib/minizip/miniunz.c,.c,contrib/minizip,557.0,18126.0,2.0,23.0,7.0,6069.0,88.0,4518.4160763888885,0.33186234910029266,0.268840339843319,0.7462591735360652,0.21364452423698385,0.0,0.06429960105520172,-0.0005530273272183472,0.0017126399146816795,0.00133446860614983,-0.006305074695699436,0.0
127,zlib,CVE-2016-9840,6a043145ca6e9c55184013841a67b2fef87e44c0,inftrees.c,.c,<root>,248.0,13032.0,0.0,71.0,0.0,2184.0,0.0,1839.0411921296297,0.35354588552163196,0.3301104972375691,0.7905304334441126,0.17338709677419356,0.0,a0bf0f31d30088333aacf0b886d606c81a54bf21,Avoid obfuscating use of default case in inftrees.c.,inftrees.c,.c,<root>,246.0,13008.0,0.0,72.0,1.0,2202.0,18.0,1861.6206828703703,0.3539019254141005,0.329720172201722,0.7907545781251666,0.17479674796747968,0.0,0.021857881969065573,-0.0003560398924685182,0.00039032503584707223,-0.00022414468105402818,-0.001409651193286121,0.0
128,zlib,CVE-2016-9841,9aaec95e82117c1cb0f9624264c3618fc380cecb,inffast.c,.c,<root>,314.0,13455.0,0.0,27.0,0.0,1120.0,0.0,1838.9992824074075,0.3118377655098394,0.2515793385358603,0.7628163899666074,0.14012738853503184,0.0,04afd39fcc753e2f1369cb471cb6592ea5946546,Fix syntax error in gzlib.c.,gzlib.c,.c,<root>,465.0,15548.0,0.0,27.0,27.0,885.0,885.0,190.62373842592592,0.33794709742614853,0.2738615899151016,0.7361361328019326,0.24086021505376345,0.0,0.3916129953000125,-0.026109331916309153,-0.022282251379241336,0.026680257164674814,-0.10073282651873161,0.0
129,zlib,CVE-2016-9842,e54e1299404101a5a9d0cf5e45512b543967f958,inflate.c,.c,<root>,1378.0,53846.0,0.0,50.0,3.0,3299.0,13.0,1456.7981944444443,0.3084188853455005,0.2284849385283958,0.6938115442908093,0.2227866473149492,0.021431912080076644,7fabcb53576aca08b8e25174eb7b0df7c585e4e0,Fix bug in block type selection when Z_FIXED used.,trees.c,.c,<root>,927.0,42915.0,0.0,50.0,4.0,2280.0,28.0,4041.5456828703705,0.2871757212720527,0.2682977979727368,0.6468383800558551,0.13592233009708737,0.00714623625566233,0.39608214500710126,0.021243164073447784,-0.03981285944434099,0.04697316423495412,0.08686431721786184,0.014285675824414314
130,zlib,CVE-2016-9843,d1d577490c15a0c6862473d7576352a9f18ef811,crc32.c,.c,<root>,331.0,13174.0,0.0,30.0,0.0,1263.0,0.0,1845.9250810185185,0.3084802044083934,0.2958099286473357,0.6878279229499594,0.13897280966767372,0.0,eb90f6a56892d7f88df99e52300498d6780cacca,Fix bug in 'F' mode for gzopen().,gzlib.c,.c,<root>,495.0,16274.0,0.0,30.0,30.0,923.0,923.0,255.96145833333333,0.33710146785365724,0.27067715374216544,0.7355215904831562,0.24242424242424243,0.0,0.4014409578084397,-0.028621263445263834,0.02513277490517024,-0.047693667533196815,-0.1034514327565687,0.0
131,zlib,CVE-2018-25032,5c44459c3b28a9bd3283aaceab7c615f8020c531,deflate.c,.c,<root>,1787.0,79384.0,0.0,116.0,1.0,5140.0,4.0,2413.8824074074073,0.3009364777921841,0.23322080016124155,0.6346109935932119,0.22495803021824287,0.05660540381710923,c376a417a724c21173f40765bd643388523b16f7,Fix deflateEnd() to not report an error at start of raw deflate.,deflate.c,.c,<root>,1785.0,79326.0,0.0,115.0,25.0,5136.0,852.0,2224.938090277778,0.30093063008682125,0.2333030784358218,0.6347572006811782,0.2246498599439776,0.05660540381710923,0.009702937988406823,5.8477053628269715e-06,-8.227827458023862e-05,-0.0001462070879663102,0.00030817027426527366,0.0
132,zlib,CVE-2018-25032,5c44459c3b28a9bd3283aaceab7c615f8020c531,deflate.h,.h,<root>,241.0,13150.0,0.0,38.0,0.0,599.0,0.0,2413.8824074074073,0.3248430701447709,0.3599239543726236,0.788427495173954,0.016597510373443983,0.0,60c31985ecdc2b40873564867e1ad2aef0b88697,Fix the copy of pending_buf in deflateCopy() for the LIT_MEM case.,deflate.h,.h,<root>,266.0,13997.0,0.0,43.0,2.0,677.0,47.0,4509.037488425926,0.31751178886611986,0.34557405158248194,0.7812413730581885,0.015037593984962405,0.0,0.21893892003217763,0.007331281278651014,0.014349902790141644,0.007186122115765525,0.0015599163884815782,0.0
133,zlib,CVE-2018-25032,5c44459c3b28a9bd3283aaceab7c615f8020c531,trees.c,.c,<root>,945.0,43781.0,0.0,45.0,2.0,2202.0,5.0,2413.8824074074073,0.28929568675999917,0.2705054704095384,0.6472707443330887,0.13862433862433862,0.010852445677816824,fee7c52428e9255b78e9cb0f7b7af91a54fe9cf6,Avoid Visual C warning in gzread.c.,gzread.c,.c,<root>,494.0,22681.0,0.0,49.0,8.0,1866.0,305.0,5231.608506944444,0.3496731267660002,0.26268683038666724,0.7423846983736044,0.29959514170040485,0.0,0.7310664154222386,-0.06037744000600104,0.007818640022871137,-0.0951139540405157,-0.16097080307606623,0.010852445677816824
134,zlib,CVE-2022-37434,eff308af425b67093bab25f80f1ae950166bece1,inflate.c,.c,<root>,1421.0,55967.0,0.0,65.0,2.0,3474.0,25.0,3976.723275462963,0.3061377316485175,0.22516840280879805,0.69109334538145,0.21956368754398312,0.023361967675970163,c901a34c92c4aa74028f541a9773df726ce2b769,Avoid uninitialized access by gzclose_w().,deflate.c,.c,<root>,1616.0,71491.0,0.0,86.0,2.0,4251.0,8.0,1418.025949074074,0.30171396997448496,0.23114797666839182,0.6382655167692483,0.2301980198019802,0.05038257379957507,0.4047616258420792,0.0044237616740325225,-0.005979573859593773,0.0528278286122017,-0.010634332257997092,-0.02702060612360491
