repo,commit,cve_ids,n_pairs,event_id,ground_truth_policy,mean_delta_composite,median_delta_composite,positive_share
curl,bbb71507b7bab52002f9b1e0880bed6a32834511,CVE-2021-22897,2,CVE-2021-22897,nvd_commit_refs,0.039038533049319146,0.039038533049319146,0.5
curl,76f83f0db23846e254d940ec7,CVE-2025-0725,1,CVE-2025-0725,nvd_commit_refs,0.03879243700045032,0.03879243700045032,1.0
curl,39ce47f219b09c380b81f89fe54ac586c8db6bde,CVE-2021-22898,1,CVE-2021-22898,nvd_commit_refs,0.027927593494183722,0.027927593494183722,1.0
curl,7f4a9a9b2a49547eae24d2e19bc5c346e9026479,CVE-2021-22901,13,CVE-2021-22901,nvd_commit_refs,0.012949438398816682,0.019927944938221864,0.6153846153846154
curl,81d135d67155c5295b1033679c606165d4e28f3f,CVE-2018-16840,1,CVE-2018-16840,nvd_commit_refs,0.0048816197901792036,0.0048816197901792036,1.0
curl,1890d59905414ab84a35892b2e45833654aa5c13,CVE-2017-7407,1,CVE-2017-7407,nvd_commit_refs,-0.0013207890487249574,-0.0013207890487249574,0.0
curl,d530e92f59ae9bb2d47066c3c460b25d2ffeb211,CVE-2018-16842,1,CVE-2018-16842,nvd_commit_refs,-0.013824243724746443,-0.013824243724746443,0.0
curl,ba1dbd78e5f1ed67c1b8d37ac89d90e5e330b628,CVE-2018-0500,1,CVE-2018-0500,nvd_commit_refs,-0.02133516395165652,-0.02133516395165652,0.0
curl,f3a24d7916b9173c69a3e0ee790102993833d6c5,CVE-2018-16839,1,CVE-2018-16839,nvd_commit_refs,-0.06962302110637325,-0.06962302110637325,0.0
git,1204e1a824c34071019fe106348eaa6d88f9528d,CVE-2024-32020,1,CVE-2024-32020,nvd_commit_refs,0.02604169342803775,0.02604169342803775,1.0
git,f4aa8c8bb11dae6e769cd930565173808cbb69c8,CVE-2024-32004,3,CVE-2024-32004,nvd_commit_refs,0.015017174640689709,0.02538471957579652,0.6666666666666666
git,34fa79a6cde56d6d428ab0d3160cb094ebad3305,CVE-2016-2315,3,CVE-2016-2315,nvd_commit_refs,0.013729378517618074,0.009937472378599377,0.6666666666666666
git,a124133e1e6ab5c7a9fef6d0e6bcb084e3455b46,CVE-2018-17456,1,CVE-2018-17456,nvd_commit_refs,0.012749333741780444,0.012749333741780444,1.0
git,684dd4c2b414bcf648505e74498a608f28de4592,CVE-2021-21300,4,CVE-2021-21300,nvd_commit_refs,0.012529393296279029,0.030136987512598024,0.75
git,1a7fd1fb2998002da6e9ff2ee46e1bdd25ee8404,CVE-2018-17456,1,CVE-2018-17456,nvd_commit_refs,0.006107802992448175,0.006107802992448175,1.0
git,a02ea577174ab8ed18f847cf1693f213e0b9c473,CVE-2021-40330,1,CVE-2021-40330,nvd_commit_refs,-0.00012370736573902308,-0.00012370736573902308,0.0
git,7b70e9efb18c2cc3f219af399bd384c5801ba1d7,CVE-2024-32465,2,CVE-2024-32465,nvd_commit_refs,-0.0007278794769980113,-0.0007278794769980113,0.5
git,de1e67d0703894cb6ea782e36abb63976ab07e60,CVE-2016-2315;CVE-2016-2324,8,CVE-2016-2315;CVE-2016-2324,nvd_commit_refs,-0.0027644094169490055,-0.00029067227590140465,0.5
git,9a6bbee8006c24b46a85d29e7b38cfa79e9ab21b,CVE-2020-5260,1,CVE-2020-5260,nvd_commit_refs,-0.01866221886035918,-0.01866221886035918,0.0
git,c44088ecc4b0722636e0a305f9608d3047197282,CVE-2020-11008,2,CVE-2020-11008,nvd_commit_refs,-0.021815404121991427,-0.021815404121991427,0.0
jq,de21386681c0df0104a99d9d09db23a9b2a78b1e,CVE-2024-23337,2,CVE-2024-23337,nvd_commit_refs,0.012833049820356435,0.012833049820356435,0.5
jq,c9a51565214eece8f1053089739aea73145bfd6b,CVE-2023-50268,1,CVE-2023-50268,nvd_commit_refs,0.001867100389627785,0.001867100389627785,1.0
jq,71c2ab509a8628dbbad4bc7b3f98a64aa90d3297,CVE-2023-50246,1,CVE-2023-50246,nvd_commit_refs,0.0018399606448092909,0.0018399606448092909,1.0
libxml2,e26630548e7d138d2c560844c43820b6767251e3,CVE-2017-16931,2,CVE-2017-16931,nvd_commit_refs,0.009600185032907022,0.009600185032907022,1.0
libxml2,899a5d9f0ed13b8e32449a08a361e0de127dd961,CVE-2017-16932,1,CVE-2017-16932,nvd_commit_refs,0.003831443911208987,0.003831443911208987,1.0
libxml2,652dd12a858989b14eed4e84e453059cd3ba340e,CVE-2022-23308,1,CVE-2022-23308,nvd_commit_refs,-0.01882250546346237,-0.01882250546346237,0.0
nginx,c1be55f97211d38b69ac0c2027e6812ab8b1b94e,CVE-2019-20372,1,CVE-2019-20372,nvd_commit_refs,-0.0027909185270952874,-0.0027909185270952874,0.0
nginx,b900cc28fcbb4cf5a32ab62f80b59292e1c85b4b,CVE-2017-20005,1,CVE-2017-20005,nvd_commit_refs,-0.013436719843930967,-0.013436719843930967,0.0
nginx,0206ebe76f748bb39d9de4dd4b3fce777fdfdccf,CVE-2017-20005,1,CVE-2017-20005,nvd_commit_refs,-0.013828761343963325,-0.013828761343963325,0.0
openssh,fcd135c9df440bcd2d5870405ad3311743d78d97,CVE-2016-6515,1,CVE-2016-6515,nvd_commit_refs,0.029216605805034435,0.029216605805034435,1.0
openssh,7ef3787c84b6b524501211b11a26c742f829af1a,CVE-2023-51385,1,CVE-2023-51385,nvd_commit_refs,0.023193886714714562,0.023193886714714562,1.0
openssh,881d9c6af9da4257c69c327c4e2f1508b2fa754b,CVE-2023-51384,1,CVE-2023-51384,nvd_commit_refs,0.01880129572775996,0.01880129572775996,1.0
openssh,aad87b88fc2536b1ea023213729aaf4eaabe1894,CVE-2020-12062,1,CVE-2020-12062,nvd_commit_refs,0.009506137990383579,0.009506137990383579,1.0
openssh,955854cafca88e0cdcd3d09ca1ad4ada465364a1,CVE-2020-12062,1,CVE-2020-12062,nvd_commit_refs,0.009401914449684246,0.009401914449684246,1.0
openssh,5e75f5198769056089fb06c4d738ab0e5abc66f7,CVE-2015-6564,1,CVE-2015-6564,nvd_commit_refs,0.003297480706677125,0.003297480706677125,1.0
openssh,d4697fe9a28dab7255c60433e4dd23cf7fce8a8b,CVE-2015-6563,2,CVE-2015-6563,nvd_commit_refs,0.0011992027201304378,0.0011992027201304378,0.5
openssh,6010c0303a422a9c5fa8860c061bf7105eb7f8b2,CVE-2018-20685,1,CVE-2018-20685,nvd_commit_refs,-0.003741914007087954,-0.003741914007087954,0.0
openssh,e04fd6dde16de1cdc5a4d9946397ff60d96568db,CVE-2021-28041,1,CVE-2021-28041,nvd_commit_refs,-0.006158233293266369,-0.006158233293266369,0.0
openssh,fc86875e6acb36401dfc1dfb6b628a9d1460f367,CVE-2025-32728,1,CVE-2025-32728,nvd_commit_refs,-0.006329631638453459,-0.006329631638453459,0.0
openssh,ec165c392ca54317dbe3064a8c200de6531e89ad,CVE-2016-8858,1,CVE-2016-8858,nvd_commit_refs,-0.016494991565665806,-0.016494991565665806,0.0
openssh,486c4dc3b83b4b67d663fb0fa62bc24138ec3946,CVE-2023-25136,1,CVE-2023-25136,nvd_commit_refs,-0.04934977626387105,-0.04934977626387105,0.0
openssl,05f360d9e849a1b277db628f1f13083a7f8dd04f,CVE-2024-6119,1,CVE-2024-6119,nvd_commit_refs,0.09032783215115539,0.09032783215115539,1.0
openssl,621f3729831b05ee828a3203eddb621d014ff2b2,CVE-2024-6119,1,CVE-2024-6119,nvd_commit_refs,0.0901090475940437,0.0901090475940437,1.0
openssl,068b963bb7afc57f5bdd723de0dd15e7795d5822,CVE-2017-3735,1,CVE-2017-3735,nvd_commit_refs,0.07017237518087341,0.07017237518087341,1.0
openssl,564fd9c73787f25693bf9e75faf7bf6bb1305d4e,CVE-2025-69420,1,CVE-2025-69420,nvd_commit_refs,0.06597635072395563,0.06597635072395563,1.0
openssl,a99349ebfc519999edc50620abe24d599b9eb085,CVE-2025-69420,1,CVE-2025-69420,nvd_commit_refs,0.06597635072395563,0.06597635072395563,1.0
openssl,f48b83b4fb7d6689584cf25f61ca63a4891f5b11,CVE-2015-1789,1,CVE-2015-1789,nvd_commit_refs,0.05978181513092046,0.05978181513092046,1.0
openssl,e96d22446e633d117e6c9904cb15b4693e956eaa,CVE-2025-4575,1,CVE-2025-4575,nvd_commit_refs,0.0554018456127251,0.0554018456127251,1.0
openssl,1f08e54bad32843044fe8a675948d65e3b4ece65,CVE-2025-15468,1,CVE-2025-15468,nvd_commit_refs,0.05480920891073068,0.05480920891073068,1.0
openssl,06d1dc3fa96a2ba5a3e22735a033012aadc9f0d6,CVE-2024-6119,1,CVE-2024-6119,nvd_commit_refs,0.0498494840849964,0.0498494840849964,1.0
openssl,b15f8769644b00ef7283521593360b7b2135cb63,CVE-2014-3572,1,CVE-2014-3572,nvd_commit_refs,0.04849279044341881,0.04849279044341881,1.0
openssl,103b171d8fc282ef435f8de9afbf7782e312961f,CVE-2015-0206,1,CVE-2015-0206,nvd_commit_refs,0.047938704263990606,0.047938704263990606,1.0
openssl,248385c606620b29ecc96ca9d3603463f879652b,CVE-2014-3571,1,CVE-2014-3571,nvd_commit_refs,0.047901342037820094,0.047901342037820094,1.0
openssl,27c7012c91cc986a598d7540f3079dfde2416eb9,CVE-2025-69420,1,CVE-2025-69420,nvd_commit_refs,0.044330633279801246,0.044330633279801246,1.0
openssl,41be0f216404f14457bbf3b9cc488dba60b49296,CVE-2025-69419,2,CVE-2025-69419,nvd_commit_refs,0.038009107764135186,0.038009107764135186,1.0
openssl,4924b37ee01f71ae19c94a8934b80eeb2f677932,CVE-2015-1788,1,CVE-2015-1788,nvd_commit_refs,0.0360464226896825,0.0360464226896825,1.0
openssl,7e9cac9832e4705b91987c2474ed06a37a93cecb,CVE-2025-69419,2,CVE-2025-69419,nvd_commit_refs,0.03596503413659799,0.03596503413659799,1.0
openssl,4ad93618d26a3ea23d36ad5498ff4f59eff3a4d2,CVE-2017-3733,6,CVE-2017-3733,nvd_commit_refs,0.03476083292608804,0.021246858176051264,1.0
openssl,feba02f3919495e1b960c33ba849e10e77d0785d,CVE-2014-3571,2,CVE-2014-3571,nvd_commit_refs,0.03289498530779228,0.03289498530779228,1.0
openssl,898fb884b706aaeb283de4812340bb0bde8476dc,CVE-2017-3737,1,CVE-2017-3737,nvd_commit_refs,0.029310859238194764,0.029310859238194764,1.0
openssl,6ced0fe6b10faa560e410e3ee8d6c82f06c65ea3,CVE-2025-15467,1,CVE-2025-15467,nvd_commit_refs,0.026490959234804656,0.026490959234804656,1.0
openssl,470990fee0182566d439ef7e82d1abf18b7085d7,CVE-2014-8176,1,CVE-2014-8176,nvd_commit_refs,0.02623291973099051,0.02623291973099051,1.0
openssl,0ed26acce328ec16a3aa635f1ca37365e8c7403a,CVE-2016-2180,1,CVE-2016-2180,nvd_commit_refs,0.02224084676520721,0.02224084676520721,1.0
openssl,00d965474b22b54e4275232bc71ee0c699c5cd21,CVE-2017-3731,2,CVE-2017-3731,nvd_commit_refs,0.02181542184507687,0.02181542184507687,0.5
openssl,2502e7b7d4c0cf4f972a881641fe09edc67aeec4,CVE-2026-22795;CVE-2026-22796,3,CVE-2026-22795;CVE-2026-22796,nvd_commit_refs,0.01846878498761778,0.006089758161281489,0.6666666666666666
openssl,ce325c60c74b0fa784f5872404b722e120e5cab0,CVE-2015-0204,4,CVE-2015-0204,nvd_commit_refs,0.018074906292021325,0.021535098828013688,0.5
openssl,ef2fb66ec571564d64d1c74a12e388a2a54d05d2,CVE-2026-22795;CVE-2026-22796,3,CVE-2026-22795;CVE-2026-22796,nvd_commit_refs,0.013763559706103157,-0.0035920330052812144,0.3333333333333333
openssl,e1079bc17ed93ff16f6b86f33a2fe3336e78817e,CVE-2025-11187,1,CVE-2025-11187,nvd_commit_refs,0.012253243580152395,0.012253243580152395,1.0
openssl,eeee3cbd4d682095ed431052f00403004596373e,CVE-2026-22795;CVE-2026-22796,3,CVE-2026-22795;CVE-2026-22796,nvd_commit_refs,0.011721568190584194,0.0005862829931969071,0.6666666666666666
openssl,572844beca95068394c916626a6d3a490f831a49,CVE-2026-22795;CVE-2026-22796,3,CVE-2026-22795;CVE-2026-22796,nvd_commit_refs,0.010945677431607828,0.016036064906127467,0.6666666666666666
openssl,7bbca05be55b129651d9df4bdb92becc45002c12,CVE-2026-22795;CVE-2026-22796,3,CVE-2026-22795;CVE-2026-22796,nvd_commit_refs,0.008766644838767287,-0.00810870623201504,0.3333333333333333
openssl,ff628933755075446bca8307e8417c14d164b535,CVE-2025-69419,2,CVE-2025-69419,nvd_commit_refs,0.008520225820774247,0.008520225820774247,1.0
openssl,7725e7bfe6f2ce8146b6552b44e0d226be7638e7,CVE-2022-3996,1,CVE-2022-3996,nvd_commit_refs,0.007587515617594853,0.007587515617594853,1.0
openssl,1421e0c584ae9120ca1b88098f13d6d2e90b83a3,CVE-2015-0205,1,CVE-2015-0205,nvd_commit_refs,0.007407271400490911,0.007407271400490911,1.0
openssl,98ece4eebfb6cd45cc8d550c6ac0022965071afc,CVE-2015-1791,5,CVE-2015-1791,nvd_commit_refs,0.006111413311901065,0.016694446800369356,0.6
openssl,3524a29271f8191b8fd8a5257eb05173982a097b,CVE-2025-69421,1,CVE-2025-69421,nvd_commit_refs,0.006071376795680594,0.006071376795680594,1.0
openssl,643986985cd1c21221f941129d76fe0c2785aeb3,CVE-2025-69421,1,CVE-2025-69421,nvd_commit_refs,0.006071376795680594,0.006071376795680594,1.0
openssl,a2dbc539f0f9cc63832709fa5aa33ad9495eb19c,CVE-2025-69421,1,CVE-2025-69421,nvd_commit_refs,0.006071376795680594,0.006071376795680594,1.0
openssl,a26a90d38edec3748566129d824e664b54bee2e2,CVE-2025-69419,2,CVE-2025-69419,nvd_commit_refs,0.00549814741115659,0.00549814741115659,1.0
openssl,7dfcee2cd2a63b2c64b9b4b0850be64cb695b0a0,CVE-2024-6119,1,CVE-2024-6119,nvd_commit_refs,0.005279723275613546,0.005279723275613546,1.0
openssl,cda12de3bc0e333ea8d2c6fd15001dbdaf280015,CVE-2025-69419,2,CVE-2025-69419,nvd_commit_refs,0.003757708666372206,0.003757708666372206,1.0
openssl,a7936fa4bd23c906e1955a16a0a0ab39a4953a61,CVE-2025-15469,4,CVE-2025-15469,nvd_commit_refs,0.0032482810563326386,0.0009811806919496346,0.5
openssl,4c96fbba618e1940f038012506ee9e21d32ee12c,CVE-2025-68160,1,CVE-2025-68160,nvd_commit_refs,-0.0015426075038013631,-0.0015426075038013631,0.0
openssl,cb62ab4b17818fe66d2fed0a7fe71969131c811b,CVE-2014-8275,1,CVE-2014-8275,nvd_commit_refs,-0.0015555076641529109,-0.0015555076641529109,0.0
openssl,384011202af92605d926fafe4a0bcd6b65d162ad,CVE-2025-68160,1,CVE-2025-68160,nvd_commit_refs,-0.0025327417858477252,-0.0025327417858477252,0.0
openssl,6845c3b6460a98b1ec4e463baa2ea1a63a32d7c0,CVE-2025-68160,1,CVE-2025-68160,nvd_commit_refs,-0.0025327417858477252,-0.0025327417858477252,0.0
openssl,68a7cd2e2816c3a02f4d45a2ce43fc04fac97096,CVE-2025-68160,1,CVE-2025-68160,nvd_commit_refs,-0.0025327417858477252,-0.0025327417858477252,0.0
openssl,6184a4fb08ee6d7bca570d931a4e8bef40b64451,CVE-2025-66199,1,CVE-2025-66199,nvd_commit_refs,-0.0033080047773471066,-0.0033080047773471066,0.0
openssl,310f305eb92ea8040d6b3cb75a5feeba8e6acf2f,CVE-2025-15469,4,CVE-2025-15469,nvd_commit_refs,-0.005572021186497633,-0.002316948438552402,0.5
openssl,5eb0770ffcf11b785cf374ff3c19196245e54f1b,CVE-2025-69420,1,CVE-2025-69420,nvd_commit_refs,-0.005982734276426371,-0.005982734276426371,0.0
openssl,4e254b48ad93cc092be3dd62d97015f33f73133a,CVE-2025-69420,1,CVE-2025-69420,nvd_commit_refs,-0.006496113726800312,-0.006496113726800312,0.0
openssl,3ed1f75249932b155eef993a8e66a99cb98bfef4,CVE-2025-66199,1,CVE-2025-66199,nvd_commit_refs,-0.006915945923564704,-0.006915945923564704,0.0
openssl,09df4395b5071217b76dc7d3d2e630eb8c5a79c2,CVE-2024-0727,4,CVE-2024-0727,nvd_commit_refs,-0.006950235091848944,-0.01909111624238838,0.25
openssl,966a2478046c311ed7dae50c457d0db4cafbf7e4,CVE-2025-66199,1,CVE-2025-66199,nvd_commit_refs,-0.007116837970964185,-0.007116837970964185,0.0
openssl,895150b5e021d16b52fb32b97e1dd12f20448be5,CVE-2025-66199,1,CVE-2025-66199,nvd_commit_refs,-0.007608172387586376,-0.007608172387586376,0.0
openssl,8caf359d6e46fb413e8f5f0df765d2e8a51df4e8,CVE-2025-11187,1,CVE-2025-11187,nvd_commit_refs,-0.008695517444538114,-0.008695517444538114,0.0
openssl,205e3a55e16e4bd08c12fdbd3416ab829c0f6206,CVE-2025-11187,1,CVE-2025-11187,nvd_commit_refs,-0.009319638948040665,-0.009319638948040665,0.0
openssl,59302b600e8d5b77ef144e447bb046fd7ab72686,CVE-2015-1790,1,CVE-2015-1790,nvd_commit_refs,-0.01090921602346634,-0.01090921602346634,0.0
openssl,5f26d4202f5b89664c5c3f3c62086276026ba9a9,CVE-2025-15467,1,CVE-2025-15467,nvd_commit_refs,-0.011462864355548108,-0.011462864355548108,0.0
openssl,d135eeab8a5dbf72b3da5240bab9ddb7678dbd2c,CVE-2024-0727,4,CVE-2024-0727,nvd_commit_refs,-0.014838217011845248,-0.01911818068141083,0.25
openssl,ce39170276daec87f55c39dad1f629b56344429e,CVE-2025-15467,1,CVE-2025-15467,nvd_commit_refs,-0.016663351587552278,-0.016663351587552278,0.0
openssl,a7589230356d908c0eca4b969ec4f62106f4f5ae,CVE-2025-69418,1,CVE-2025-69418,nvd_commit_refs,-0.016969305259270817,-0.016969305259270817,0.0
openssl,b2539639400288a4580fe2d76247541b976bade4,CVE-2025-15468,1,CVE-2025-15468,nvd_commit_refs,-0.018121076948956705,-0.018121076948956705,0.0
openssl,475c466ef2fbd8fc1df6fae1c3eed9c813fc8ff6,CVE-2025-68160,1,CVE-2025-68160,nvd_commit_refs,-0.019471555628450155,-0.019471555628450155,0.0
openssl,775acfdbd0c6af9ac855f34969cdab0c0c90844a,CVE-2024-0727,4,CVE-2024-0727,nvd_commit_refs,-0.020662393465197895,-0.024239944034009475,0.25
openssl,4016975d4469cd6b94927c607f7c511385f928d8,CVE-2025-69418,1,CVE-2025-69418,nvd_commit_refs,-0.020891913767233317,-0.020891913767233317,0.0
openssl,ed40856d7d4ba6cb42779b6770666a65f19cb977,CVE-2025-69418,1,CVE-2025-69418,nvd_commit_refs,-0.021507481051820265,-0.021507481051820265,0.0
openssl,7c88376731c589ee5b36116c5a6e32d5ae5f7ae2,CVE-2025-15468,1,CVE-2025-15468,nvd_commit_refs,-0.022672357946686372,-0.022672357946686372,0.0
openssl,d75b309879631d45b972396ce4e5102559c64ac7,CVE-2025-15468,1,CVE-2025-15468,nvd_commit_refs,-0.022672357946686372,-0.022672357946686372,0.0
openssl,cd30f03ac5bf2962f44bd02ae8d88245dff2f12c,CVE-2015-1792,1,CVE-2015-1792,nvd_commit_refs,-0.022830660997173735,-0.022830660997173735,0.0
openssl,efbe126e3ebb9123ac9d058aa2bb044261342aaa,CVE-2017-3730,1,CVE-2017-3730,nvd_commit_refs,-0.0232917423974372,-0.0232917423974372,0.0
openssl,2c8f0e5fa9b6ee5508a0349e4572ddb74db5a703,CVE-2025-15467,1,CVE-2025-15467,nvd_commit_refs,-0.023881169729000562,-0.023881169729000562,0.0
openssl,4bbc8d41a72c842ce4077a8a3eccd1109aaf74bd,CVE-2025-69421,1,CVE-2025-69421,nvd_commit_refs,-0.02874878449116053,-0.02874878449116053,0.0
openssl,684400ce192dac51df3d3e92b61830a6ef90be3e,CVE-2014-8275,4,CVE-2014-8275,nvd_commit_refs,-0.02924209493759007,-0.028251961082711774,0.25
openssl,372fc5c77529695b05b4f5b5187691a57ef5dffc,CVE-2025-69418,1,CVE-2025-69418,nvd_commit_refs,-0.036647526626227445,-0.036647526626227445,0.0
openssl,52d23c86a54adab5ee9f80e48b242b52c4cc2347,CVE-2025-69418,1,CVE-2025-69418,nvd_commit_refs,-0.03810574352811147,-0.03810574352811147,0.0
openssl,d0071a0799f20cc8101730145349ed4487c268dc,CVE-2025-15467,1,CVE-2025-15467,nvd_commit_refs,-0.03934105416636674,-0.03934105416636674,0.0
openssl,36ecb4960872a4ce04bf6f1e1f4e78d75ec0c0c7,CVE-2025-69421,1,CVE-2025-69421,nvd_commit_refs,-0.05341700358188789,-0.05341700358188789,0.0
openssl,a7a44ba55cb4f884c6bc9ceac90072dea38e66d0,CVE-2014-3570,3,CVE-2014-3570,nvd_commit_refs,-0.06593948545938583,-0.07263711547318424,0.0
php-src,2721a0148649e07ed74468f097a28899741eb58f,CVE-2016-5114,1,CVE-2016-5114,nvd_commit_refs,0.09915041316108697,0.09915041316108697,1.0
php-src,35ceea928b12373a3b1e3eecdc32ed323223a40d,CVE-2014-0185,1,CVE-2014-0185,nvd_commit_refs,0.0833911191740816,0.0833911191740816,1.0
php-src,c4cca4c20e75359c9a13a1f9a36cb7b4e9601d29,CVE-2016-7418,1,CVE-2016-7418,nvd_commit_refs,0.06577700125351427,0.06577700125351427,1.0
php-src,b88393f08a558eec14964a55d3c680fe67407712,CVE-2016-7413,1,CVE-2016-7413,nvd_commit_refs,0.06557048338649124,0.06557048338649124,1.0
php-src,b28b8b2fee6dfa6fcd13305c581bb835689ac3be,CVE-2016-10160,1,CVE-2016-10160,nvd_commit_refs,0.05745109870202458,0.05745109870202458,1.0
php-src,ca46d0acbce55019b970fcd4c1e8a10edfdded93,CVE-2016-10159,1,CVE-2016-10159,nvd_commit_refs,0.05742990917365842,0.05742990917365842,1.0
php-src,b101a6bbd4f2181c360bd38e7683df4a03cba83e,CVE-2015-8617,1,CVE-2015-8617,nvd_commit_refs,0.05492217458816068,0.05492217458816068,1.0
php-src,a15bffd105ac28fd0dd9b596632dbf035238fda3,CVE-2017-11142,1,CVE-2017-11142,nvd_commit_refs,0.042290503421040126,0.042290503421040126,1.0
php-src,23b057742e3cf199612fa8050ae86cae675e214e,CVE-2018-17082,1,CVE-2018-17082,nvd_commit_refs,0.0419502060110345,0.0419502060110345,1.0
php-src,0bfb970f43acd1e81d11be1154805f86655f15d5,CVE-2016-7414,2,CVE-2016-7414,nvd_commit_refs,0.03972586916515293,0.03972586916515293,1.0
php-src,5b597a2e5b28e2d5a52fc1be13f425f08f47cb62,CVE-2016-5768,1,CVE-2016-5768,nvd_commit_refs,0.03340711982888395,0.03340711982888395,1.0
php-src,c395c6e5d7e8df37a21265ff76e48fe75ceb5ae6,CVE-2016-5767,1,CVE-2016-5767,nvd_commit_refs,0.031153838871283646,0.031153838871283646,1.0
php-src,69dee5c732fe982c82edb17d0dbc3e79a47748d8,CVE-2015-9253,2,CVE-2015-9253,nvd_commit_refs,0.02877340126308084,0.02877340126308084,0.5
php-src,6dbb1ee46b5f4725cc6519abf91e512a2a10dfed,CVE-2016-7128,1,CVE-2016-7128,nvd_commit_refs,0.028404982293931902,0.028404982293931902,1.0
php-src,1cda0d7c2ffb62d8331c64e703131d9cabdc03ea,CVE-2016-10158,1,CVE-2016-10158,nvd_commit_refs,0.028236218484644027,0.028236218484644027,1.0
php-src,996faf964bba1aec06b153b370a7f20d3dd2bb8b,CVE-2015-8935,1,CVE-2015-8935,nvd_commit_refs,0.02580742052257462,0.02580742052257462,1.0
php-src,b2af4e8868726a040234de113436c6e4f6372d17,CVE-2016-9936,1,CVE-2016-9936,nvd_commit_refs,0.023942564267664723,0.023942564267664723,1.0
php-src,abd159cce48f3e34f08e4751c568e09677d5ec9c,CVE-2016-5096,1,CVE-2016-5096,nvd_commit_refs,0.02365046982421659,0.02365046982421659,1.0
php-src,2871c70efaaaa0f102557a17c727fd4d5204dd4b,CVE-2016-1904,1,CVE-2016-1904,nvd_commit_refs,0.023092257632458757,0.023092257632458757,1.0
php-src,426aeb2808955ee3d3f52e0cfb102834cdb836a5,CVE-2016-7129,1,CVE-2016-7129,nvd_commit_refs,0.02230642390982973,0.02230642390982973,1.0
php-src,a44c89e8af7c2410f4bfc5e097be2a5d0639a60c,CVE-2016-5772,1,CVE-2016-5772,nvd_commit_refs,0.021978177587875125,0.021978177587875125,1.0
php-src,7722455726bec8c53458a32851d2a87982cf0eac,CVE-2016-5766,1,CVE-2016-5766,nvd_commit_refs,0.021571849758386996,0.021571849758386996,1.0
php-src,8d2539fa0faf3f63e1d1e7635347c5b9e777d47b,CVE-2016-10162,1,CVE-2016-10162,nvd_commit_refs,0.01944253162103826,0.01944253162103826,1.0
php-src,8763c6090d627d8bb0ee1d030c30e58f406be9ce,CVE-2016-7125,1,CVE-2016-7125,nvd_commit_refs,0.01824194444034527,0.01824194444034527,1.0
php-src,72dbb7f416160f490c4e9987040989a10ad431c7,CVE-2016-7134,1,CVE-2016-7134,nvd_commit_refs,0.012615739266392756,0.012615739266392756,1.0
php-src,bab0b99f376dac9170ac81382a5ed526938d595a,CVE-2017-7189;CVE-2017-7272,1,CVE-2017-7189;CVE-2017-7272,nvd_commit_refs,0.011507185816299503,0.011507185816299503,1.0
php-src,7245bff300d3fa8bacbef7897ff080a6f1c23eba,CVE-2016-5770,1,CVE-2016-5770,nvd_commit_refs,0.008579344339767703,0.008579344339767703,1.0
php-src,3f627e580acfdaf0595ae3b115b8bec677f203ee,CVE-2016-5771,1,CVE-2016-5771,nvd_commit_refs,0.005681399534519793,0.005681399534519793,1.0
php-src,6d55ba265637d6adf0ba7e9c9ef11187d1ec2f5b,CVE-2016-7416,1,CVE-2016-7416,nvd_commit_refs,0.004522339073515347,0.004522339073515347,1.0
php-src,2fefae47716d501aec41c1102f3fd4531f070b05,CVE-2014-3597,1,CVE-2014-3597,nvd_commit_refs,0.0038863367847585817,0.0038863367847585817,1.0
php-src,5c0455bf2c8cd3c25401407f158e820aa3b239e1,CVE-2017-16642,1,CVE-2017-16642,nvd_commit_refs,0.003174049484982955,0.003174049484982955,1.0
php-src,97eff7eb57fc2320c267a949cffd622c38712484,CVE-2016-5093,1,CVE-2016-5093,nvd_commit_refs,0.0017921392126066804,0.0017921392126066804,1.0
php-src,7a1aac3343af85b4af4df5f8844946eaa27394ab,CVE-2013-7456,1,CVE-2013-7456,nvd_commit_refs,0.0007134192232058911,0.0007134192232058911,1.0
php-src,698a691724c0a949295991e5df091ce16f899e02,CVE-2016-7130,1,CVE-2016-7130,nvd_commit_refs,-0.0019169244725897316,-0.0019169244725897316,0.0
php-src,20ce2fe8e3c211a42fee05a461a5881be9a8790e,CVE-2016-7124,1,CVE-2016-7124,nvd_commit_refs,-0.0029238370681793358,-0.0029238370681793358,0.0
php-src,863d37ea66d5c960db08d6f4a2cbd2518f0f80d1,CVE-2016-9933,1,CVE-2016-9933,nvd_commit_refs,-0.006350124186079831,-0.006350124186079831,0.0
php-src,66fd44209d5ffcb9b3d1bc1b9fd8e35b485040c0,CVE-2016-9935,1,CVE-2016-9935,nvd_commit_refs,-0.006377043101455426,-0.006377043101455426,0.0
php-src,6045de69c7dedcba3eadf7c4bba424b19c81d00d,CVE-2016-9934,2,CVE-2016-9934,nvd_commit_refs,-0.008789921612308405,-0.008789921612308405,0.0
php-src,f6aef68089221c5ea047d4a74224ee3deead99a6,CVE-2016-5773,1,CVE-2016-5773,nvd_commit_refs,-0.009517886285000443,-0.009517886285000443,0.0
php-src,0c8a2a2cd1056b7dc403eacb5d2c0eec6ce47c6f,CVE-2016-7131;CVE-2016-7132,1,CVE-2016-7131;CVE-2016-7132,nvd_commit_refs,-0.011112095135587807,-0.011112095135587807,0.0
php-src,523f230c831d7b33353203fa34aee4e92ac12bba,CVE-2018-7584,1,CVE-2018-7584,nvd_commit_refs,-0.011615249051665666,-0.011615249051665666,0.0
php-src,4cc0286f2f3780abc6084bcdae5dce595daa3c12,CVE-2017-5340,1,CVE-2017-5340,nvd_commit_refs,-0.011622847584263962,-0.011622847584263962,0.0
php-src,0f8cf3b8497dc45c010c44ed9e96518e11e19fc3,CVE-2017-11142,1,CVE-2017-11142,nvd_commit_refs,-0.012997954378339671,-0.012997954378339671,0.0
php-src,c2a13ced4272f2e65d2773e2ea6ca11c1ce4a911,CVE-2016-7133,1,CVE-2016-7133,nvd_commit_refs,-0.014004419272420077,-0.014004419272420077,0.0
php-src,7ba1409a1aee5925180de546057ddd84ff267947,CVE-2014-3587,1,CVE-2014-3587,nvd_commit_refs,-0.014329547119191322,-0.014329547119191322,0.0
php-src,f151e048ed27f6f4eef729f3310d053ab5da71d4,CVE-2018-15132,1,CVE-2018-15132,nvd_commit_refs,-0.015774674814354905,-0.015774674814354905,0.0
php-src,b585a3aed7880a5fa5c18e2b838fc96f40e075bd,CVE-2015-0231,1,CVE-2015-0231,nvd_commit_refs,-0.01592836157947297,-0.01592836157947297,0.0
php-src,28f80baf3c53e267c9ce46a2a0fadbb981585132,CVE-2016-7412,1,CVE-2016-7412,nvd_commit_refs,-0.018385167001547686,-0.018385167001547686,0.0
php-src,6c5211a0cef0cc2854eaa387e0eb036e012904d0,CVE-2016-5769,1,CVE-2016-5769,nvd_commit_refs,-0.018516211941071115,-0.018516211941071115,0.0
php-src,61cdd1255d5b9c8453be71aacbbf682796ac77d4,CVE-2016-7480,1,CVE-2016-7480,nvd_commit_refs,-0.022073978997301014,-0.022073978997301014,0.0
php-src,3b8d4de300854b3517c7acb239b84f7726c1353c,CVE-2016-3078,1,CVE-2016-3078,nvd_commit_refs,-0.027748905219588116,-0.027748905219588116,0.0
php-src,1bd103df00f49cf4d4ade2cfe3f456ac058a4eae,CVE-2016-7127,1,CVE-2016-7127,nvd_commit_refs,-0.02825514711125815,-0.02825514711125815,0.0
php-src,6a7cc8ff85827fa9ac715b3a83c2d9147f33cd43,CVE-2016-7411,2,CVE-2016-7411,nvd_commit_refs,-0.029209910763381253,-0.029209910763381253,0.0
php-src,ecb7f58a069be0dec4a6131b6351a761f808f22e,CVE-2016-7417,1,CVE-2016-7417,nvd_commit_refs,-0.031262106797520506,-0.031262106797520506,0.0
php-src,2938329ce19cb8c4197dec146c3ec887c6f61d01,CVE-2013-7226;CVE-2014-2020,1,CVE-2013-7226;CVE-2014-2020,nvd_commit_refs,-0.03259282190418905,-0.03259282190418905,0.0
php-src,28022c9b1fd937436ab67bb3d61f652c108baf96,CVE-2016-7126,1,CVE-2016-7126,nvd_commit_refs,-0.03294632115440521,-0.03294632115440521,0.0
php-src,0da8b8b801f9276359262f1ef8274c7812d3dfda,CVE-2016-5094,1,CVE-2016-5094,nvd_commit_refs,-0.038782904184358646,-0.038782904184358646,0.0
php-src,1a23ebc1fff59bf480ca92963b36eba5c1b904c4,CVE-2017-12932,1,CVE-2017-12932,nvd_commit_refs,-0.045165858862062314,-0.045165858862062314,0.0
php-src,28a6ed9f9a36b9c517e4a8a429baf4dd382fc5d5,CVE-2016-3132,1,CVE-2016-3132,nvd_commit_refs,-0.0464046204089239,-0.0464046204089239,0.0
php-src,16b3003ffc6393e250f069aa28a78dc5a2c064b2,CVE-2016-10161,1,CVE-2016-10161,nvd_commit_refs,-0.05414872533655046,-0.05414872533655046,0.0
php-src,fb58e69a84f4fde603a630d2c9df2fa3be16d846,CVE-2013-3735,1,CVE-2013-3735,nvd_commit_refs,-0.06700183585922992,-0.06700183585922992,0.0
redis,b351d5a3210e61cc3b22ba38a723d6da8f3c298a,CVE-2024-31227,1,CVE-2024-31227,nvd_commit_refs,0.03469218378841099,0.03469218378841099,1.0
redis,48e0d4788434833b47892fe9f3d91be7687f25c9,CVE-2023-28425,1,CVE-2023-28425,nvd_commit_refs,0.026264624643754453,0.026264624643754453,1.0
redis,5674b0057ff2903d43eaff802017eddf37c360f8,CVE-2021-32675,3,CVE-2021-32675,nvd_commit_refs,0.02199166634483163,0.011659450586207543,1.0
redis,1ec82e6e97e1db06a72ca505f9fbf6b981f31ef7,CVE-2022-35977,2,CVE-2022-35977,nvd_commit_refs,0.021770077859259135,0.021770077859259135,1.0
redis,643b5db235cb82508e72f11c7b4bbfc7dc39be56,CVE-2025-27151,1,CVE-2025-27151,nvd_commit_refs,0.019567320992417037,0.019567320992417037,1.0
redis,9e505e6cd842338424e05883521ca1fb7d0f47f6,CVE-2023-41053,1,CVE-2023-41053,nvd_commit_refs,0.01804549547428741,0.01804549547428741,1.0
redis,666ed7facf4524bf6d19b11b20faa2cf93fdf591,CVE-2021-32626,1,CVE-2021-32626,nvd_commit_refs,0.013845800067647296,0.013845800067647296,1.0
redis,6ac3c0b7abd35f37201ed2d6298ecef4ea1ae1dd,CVE-2021-32672,1,CVE-2021-32672,nvd_commit_refs,0.01364272422325824,0.01364272422325824,1.0
redis,16f408b1a0121cacd44cbf8aee275d69dc627f02,CVE-2023-22458,2,CVE-2023-22458,nvd_commit_refs,0.009385592109623392,0.009385592109623392,1.0
redis,a30d367a71b7017581cf1ca104242a3c644dec0f,CVE-2021-32687,3,CVE-2021-32687,nvd_commit_refs,0.006231775690701695,-0.0004743257113285493,0.3333333333333333
redis,2a2a582e7cd99ba3b531336b8bd41df2b566e619,CVE-2023-25155,3,CVE-2023-25155,nvd_commit_refs,0.0059585254784509005,0.0056494282980628086,1.0
redis,46f4ebbe842620f0976a36741a72482620aa4b48,CVE-2021-31294,1,CVE-2021-31294,nvd_commit_refs,0.002189924321213732,0.002189924321213732,1.0
redis,6cbea7d29b5285692843bc1c351abba1a7ef326f,CVE-2021-31294,1,CVE-2021-31294,nvd_commit_refs,0.0021796587036048143,0.0021796587036048143,1.0
redis,9317bf64659b33166a943ec03d5d9b954e86afb0,CVE-2024-31228,1,CVE-2024-31228,nvd_commit_refs,-0.0003610384856593818,-0.0003610384856593818,0.0
redis,0bf90d944313919eb8e63d3588bf63a367f020a3,CVE-2022-3647,1,CVE-2022-3647,nvd_commit_refs,-0.0038280728301460787,-0.0038280728301460787,0.0
redis,bc7fe41e5857a0854d524e2a63a028e9394d2a5c,CVE-2023-28856,1,CVE-2023-28856,nvd_commit_refs,-0.004172690637508802,-0.004172690637508802,0.0
redis,45eac0262028c771b6f5307372814b75f49f7a9e,CVE-2025-46818,6,CVE-2025-46818,nvd_commit_refs,-0.006444775800541286,-0.014689660589533776,0.3333333333333333
redis,dcbfcb916ca1a269b3feef86ee86835294758f84,CVE-2022-36021,1,CVE-2022-36021,nvd_commit_refs,-0.007427893049641088,-0.007427893049641088,0.0
redis,c6ad876774f3cc11e32681ea02a2eead00f2c521,CVE-2021-41099,1,CVE-2021-41099,nvd_commit_refs,-0.007709449088354137,-0.007709449088354137,0.0
redis,f6a40570fa63d5afdd596c78083d754081d80ae3,CVE-2021-32627;CVE-2021-32628,11,CVE-2021-32627;CVE-2021-32628,nvd_commit_refs,-0.008289637040618409,-0.016050015785892824,0.2727272727272727
redis,bde62951accfc4bb0a516276fd0b4b307e140ce2,CVE-2025-48367,6,CVE-2025-48367,nvd_commit_refs,-0.01027059247630959,-0.017142036352723156,0.3333333333333333
redis,4a7a4e42db8ff757cdf3f4a824f66426036034ef,CVE-2022-33105,1,CVE-2022-33105,nvd_commit_refs,-0.010778565307226984,-0.010778565307226984,0.0
redis,50188747cbfe43528d2719399a2a3c9599169445,CVE-2025-32023,1,CVE-2025-32023,nvd_commit_refs,-0.015388890739026662,-0.015388890739026662,0.0
redis,5f83972188f6e5b1d6f1940218c650a9cbdf7741,CVE-2025-62507,1,CVE-2025-62507,nvd_commit_refs,-0.018982384980896272,-0.018982384980896272,0.0
redis,03345ddc7faf7af079485f2cbe5d17a1611cbce1,CVE-2023-45145,1,CVE-2023-45145,nvd_commit_refs,-0.020913162927085283,-0.020913162927085283,0.0
sqlite,a6c1a71cde082e09750465d5675699062922e387,CVE-2019-20218,1,CVE-2019-20218,nvd_commit_refs,0.045357133992182164,0.045357133992182164,1.0
sqlite,396afe6f6aa90a31303c183e11b2b2d4b7956b35,CVE-2019-19923,1,CVE-2019-19923,nvd_commit_refs,0.04532286475306019,0.04532286475306019,1.0
sqlite,8428b3b437569338a9d1e10c4cd8154acbe33089,CVE-2019-19926,1,CVE-2019-19926,nvd_commit_refs,0.04527557585418912,0.04527557585418912,1.0
sqlite,e59c562b3f6894f84c715772c4b116d7b5c01348,CVE-2019-19244,1,CVE-2019-19244,nvd_commit_refs,0.04524486247428233,0.04524486247428233,1.0
sqlite,527cbd4a104cb93bf3994b3dd3619a6299a78b13,CVE-2019-19603,2,CVE-2019-19603,nvd_commit_refs,0.04073505596745783,0.04073505596745783,1.0
sqlite,38096961c7cd109110ac21d3ed7dad7e0cb0ae06,CVE-2019-19645,3,CVE-2019-19645,nvd_commit_refs,0.028953123477748217,0.026614219919176563,1.0
sqlite,56d2fd008b108109f489339f5fd55212bb50afd4,CVE-2025-29088,1,CVE-2025-29088,nvd_commit_refs,0.02388435427714447,0.02388435427714447,1.0
sqlite,ebd70eedd5d6e6a890a670b5ee874a5eae86b4dd,CVE-2019-19646,1,CVE-2019-19646,nvd_commit_refs,0.022859123809459925,0.022859123809459925,1.0
sqlite,926f796e8feec15f3836aa0a060ed906f8ae04d3,CVE-2019-19646,1,CVE-2019-19646,nvd_commit_refs,0.021748813495922115,0.021748813495922115,1.0
sqlite,522ebfa7cee96fb325a22ea3a2464a63485886a8,CVE-2019-19317,1,CVE-2019-19317,nvd_commit_refs,0.0215463104019758,0.0215463104019758,1.0
sqlite,57f7ece78410a8aae86aa4625fb7556897db384c,CVE-2019-19242,2,CVE-2019-19242,nvd_commit_refs,0.0060605549697917704,0.0060605549697917704,0.5
sqlite,8654186b0236d556aa85528c2573ee0b6ab71be3,CVE-2019-19924,3,CVE-2019-19924,nvd_commit_refs,-0.002326486199789368,-0.011599727891106415,0.3333333333333333
sqlite,75e95e1fcd52d3ec8282edb75ac8cd0814095d54,CVE-2019-19880,1,CVE-2019-19880,nvd_commit_refs,-0.01791400724889336,-0.01791400724889336,0.0
sqlite,d8f2d46cbc9925e034a68aaaf60aad788d9373c1,CVE-2019-19959,1,CVE-2019-19959,nvd_commit_refs,-0.03654258247852499,-0.03654258247852499,0.0
sqlite,54d501092d88c0cf89bec4279951f548fb0b8618,CVE-2019-19925,1,CVE-2019-19925,nvd_commit_refs,-0.03660537016021742,-0.03660537016021742,0.0
zlib,1eb7682f845ac9e9bf9ae35bbfb3bad5dacbd91d,CVE-2022-37434,1,CVE-2022-37434,nvd_commit_refs,0.05178616854854812,0.05178616854854812,1.0
zlib,eff308af425b67093bab25f80f1ae950166bece1,CVE-2022-37434,1,CVE-2022-37434,nvd_commit_refs,0.05169754528239401,0.05169754528239401,1.0
zlib,6a043145ca6e9c55184013841a67b2fef87e44c0,CVE-2016-9840,1,CVE-2016-9840,nvd_commit_refs,0.04113087994349307,0.04113087994349307,1.0
zlib,e54e1299404101a5a9d0cf5e45512b543967f958,CVE-2016-9842,1,CVE-2016-9842,nvd_commit_refs,0.020384117505908128,0.020384117505908128,1.0
zlib,5c44459c3b28a9bd3283aaceab7c615f8020c531,CVE-2018-25032,3,CVE-2018-25032,nvd_commit_refs,0.017741635371017733,0.013956437600050664,0.6666666666666666
zlib,9aaec95e82117c1cb0f9624264c3618fc380cecb,CVE-2016-9841,1,CVE-2016-9841,nvd_commit_refs,-0.04054500568024305,-0.04054500568024305,0.0
zlib,d1d577490c15a0c6862473d7576352a9f18ef811,CVE-2016-9843,1,CVE-2016-9843,nvd_commit_refs,-0.04542172100570707,-0.04542172100570707,0.0
