intervention_id,repo,role,period,anchor_commit,anchor_date,file_path,suffix,label,future_event_ids,match_window_days,match_distance,loc,size_bytes,ci_gzip,shannon_entropy,cyclomatic_density,halstead_volume,composite_score,directory_depth,prior_touches_total,prior_touches_365d,total_churn,churn_365d,author_count_total,author_count_365d,file_age_days,latest_touch_days,log_loc,log_size_bytes,log_prior_touches_total,log_prior_touches_365d,log_total_churn,log_churn_365d,score_baseline_size,score_baseline_history,score_baseline_history_plus_structure,score_baseline_plus_composite,primary_model_score,score_range,absolute_error,underprediction_loss,positive_log_loss
django-django::c28beb429107956f8bde8053936502124c964bec::django/utils/html.py,django-django,intervention,pre,074d3183d92cd5ed5da8f51e7048b12a96f55e0a,2014-04-03T18:54:16+00:00,django/utils/html.py,.py,1,CVE-2018-7536,90,0.7350584366917761,250.0,11114.0,0.35684721972287203,0.7850537062193678,0.032,0.0,0.3280367454919183,2.0,85.0,28.0,1066.0,242.0,31.0,17.0,3186.727997685185,3.9883217592592595,5.5254529391317835,9.316050826398296,4.454347296253507,3.367295829986474,6.9726062513017535,5.493061443340548,0.01664762835493486,0.08743964614215138,0.109428961839737,0.08866919544971386,0.08866919544971386,0.09278133348480214,0.9113308045502861,0.9113308045502861,2.4228427391656835
django-django::c28beb429107956f8bde8053936502124c964bec::django/utils/html.py,django-django,intervention,post,c28beb429107956f8bde8053936502124c964bec,2014-04-03T19:24:29+00:00,django/utils/html.py,.py,1,CVE-2018-7536,90,0.7350584366917761,250.0,11216.0,0.3596647646219686,0.7852733330972664,0.032,0.0,0.3290464003213922,2.0,86.0,29.0,1078.0,254.0,32.0,18.0,3186.7489814814817,0.0,5.5254529391317835,9.325185763645223,4.465908118654584,3.4011973816621555,6.983789965258135,5.541263545158426,0.016721398516471805,0.09251627701159396,0.1166024266892817,0.09376184526221189,0.09376184526221189,0.09988102817280989,0.9062381547377881,0.9062381547377881,2.3669972726494444
django-django::c28beb429107956f8bde8053936502124c964bec::django/utils/html.py,django-django,control,pre,114b70ccf8dcd7af86d5cd464d66aa7761400884,2014-02-08T12:12:46+00:00,django/template/loader_tags.py,.py,0,,90,0.7350584366917761,206.0,9415.0,0.29134360063728093,0.81082118260743,0.16019417475728157,0.0,0.3442532197624914,2.0,49.0,14.0,742.0,137.0,19.0,9.0,2839.4450231481483,55.80105324074074,5.332718793265369,9.150165648940114,3.912023005428146,2.70805020110221,6.610696044717759,4.927253685157205,0.014486709507990494,0.04261350165738549,0.04592358178326021,0.046004925060061146,0.046004925060061146,0.031518215552070655,0.046004925060061146,0.0,0.0
django-django::c28beb429107956f8bde8053936502124c964bec::django/utils/html.py,django-django,control,post,b041850853188428ac3b843001603db8f8a69392,2014-02-08T12:22:11+00:00,django/template/loader_tags.py,.py,0,,90,0.7350584366917761,206.0,9416.0,0.29163126593033134,0.8100635612499533,0.16019417475728157,0.0,0.34406542522242606,2.0,50.0,15.0,744.0,139.0,20.0,10.0,2839.4515625,0.0,5.332718793265369,9.150271845510064,3.9318256327243257,2.772588722239781,6.61338421837956,4.941642422609304,0.01448745582473515,0.045358112555369104,0.049345930888432095,0.04878648238037286,0.04878648238037286,0.03485847506369694,0.04878648238037286,0.0,0.0
django-django::23984cf907168d2a26579e54bf53d5d222431f01::django/utils/html.py,django-django,intervention,pre,7b3a221ad674ce74afd5db2a7dd0a0a3beb354ed,2014-04-03T18:56:41+00:00,django/utils/html.py,.py,1,CVE-2018-7536,90,1.6909021592945561,291.0,13159.0,0.34151531271373203,0.7837618112984217,0.030927835051546393,0.0,0.32160690509003775,2.0,82.0,25.0,1006.0,182.0,31.0,16.0,3186.729675925926,12.068634259259259,5.676753802268282,9.484937204879309,4.418840607796598,3.258096538021482,6.914730892718563,5.209486152841421,0.01891323485465659,0.08222879023461306,0.10493458562229234,0.08314616873955555,0.08314616873955555,0.08602135076763576,0.9168538312604444,0.9168538312604444,2.487155150898374
django-django::23984cf907168d2a26579e54bf53d5d222431f01::django/utils/html.py,django-django,intervention,post,23984cf907168d2a26579e54bf53d5d222431f01,2014-04-03T19:28:10+00:00,django/utils/html.py,.py,1,CVE-2018-7536,90,1.6909021592945561,291.0,13261.0,0.3438654701757032,0.7836104291869661,0.030927835051546393,0.0,0.32239509191237925,2.0,83.0,26.0,1018.0,194.0,32.0,17.0,3186.751539351852,0.0,5.676753802268282,9.492658081928813,4.430816798843313,3.295836866004329,6.926577033222725,5.272999558563747,0.0189838834532815,0.0872552732577498,0.1121241499492777,0.08811583884893762,0.08811583884893762,0.0931402664959962,0.9118841611510624,0.9118841611510624,2.4291029795776495
django-django::23984cf907168d2a26579e54bf53d5d222431f01::django/utils/html.py,django-django,control,pre,ea64ef7ed702ebaf68877c73ba0d8bb832d16415,2014-06-24T20:09:04+00:00,django/http/request.py,.py,1,CVE-2016-9014,90,1.6909021592945561,457.0,19489.0,0.2919082559392478,0.7587410340428168,0.0262582056892779,0.0,0.2963703907734978,2.0,23.0,14.0,677.0,91.0,14.0,11.0,611.0806134259259,13.545752314814814,6.126869184114185,9.877656792501606,3.1780538303479458,2.70805020110221,6.519147287940395,4.5217885770490405,0.026176910062873298,0.05056770590121609,0.0630708739086052,0.04997706588676675,0.04997706588676675,0.0368939638457319,0.9500229341132332,0.9500229341132332,2.9961910610455442
django-django::23984cf907168d2a26579e54bf53d5d222431f01::django/utils/html.py,django-django,control,post,e8e16abe6a797789427a79cd66175ae70f392a08,2014-06-25T01:42:18+00:00,django/http/request.py,.py,1,CVE-2016-9014,90,1.6909021592945561,461.0,19744.0,0.29269651539708263,0.7597555272954569,0.028199566160520606,0.0,0.2973998687178572,2.0,24.0,15.0,690.0,104.0,15.0,12.0,611.312025462963,0.0,6.135564891081739,9.89065557372075,3.2188758248682006,2.772588722239781,6.53813982376767,4.653960350157523,0.0264095375033903,0.05539551335168671,0.06971611760062625,0.05469933575029425,0.05469933575029425,0.04330658009723595,0.9453006642497057,0.9453006642497057,2.9059037131326098
django-django::9eeb788cfb70d07d87b3d07434d6a149ab2d7471::django/views/debug.py,django-django,intervention,pre,1851dcf377d05a5d167cf482674e4c4a4e2502a5,2014-11-16T20:41:42+00:00,django/views/debug.py,.py,1,CVE-2016-6186,90,2.684805323286384,1161.0,46756.0,0.2439686885105655,0.726920697501154,0.11369509043927649,0.07004397181410926,0.30338718033671463,2.0,155.0,18.0,2978.0,218.0,37.0,15.0,3289.1228240740743,72.30516203703704,7.057897937411856,10.752719256128344,5.049856007249537,2.9444389791664403,7.999342952713282,5.389071729816501,0.05226132090824462,0.12803289482617733,0.1494771604867695,0.12835048329108759,0.12835048329108759,0.09721583957852489,0.8716495167089124,0.8716495167089124,2.0529906062565133
django-django::9eeb788cfb70d07d87b3d07434d6a149ab2d7471::django/views/debug.py,django-django,intervention,post,9eeb788cfb70d07d87b3d07434d6a149ab2d7471,2014-11-16T20:41:44+00:00,django/views/debug.py,.py,1,CVE-2016-6186,90,2.684805323286384,1163.0,46766.0,0.2438309883248514,0.7266935827053342,0.1117798796216681,0.10794847838268158,0.308519585435348,2.0,156.0,19.0,2992.0,232.0,37.0,15.0,3289.1228472222224,0.0,7.059617628291383,10.75293310498079,5.056245805348308,2.995732273553991,8.0040315078527,5.4510384535657,0.05229287302860275,0.1305440298085144,0.13535206682934078,0.13241093512087004,0.13241093512087004,0.08305919380073803,0.86758906487913,0.86758906487913,2.0218450473423664
django-django::9eeb788cfb70d07d87b3d07434d6a149ab2d7471::django/views/debug.py,django-django,control,pre,b078ccf8bfcd105873f13141403a6057e430463d,2014-11-12T21:01:12+00:00,django/utils/six.py,.py,0,,90,2.684805323286384,650.0,28253.0,0.25299968144975754,0.7169798517063455,0.10923076923076923,0.0,0.29259189590488593,2.0,18.0,3.0,1162.0,393.0,6.0,1.0,843.5635185185185,7.7750462962962965,6.478509642208569,10.24899031947161,2.9444389791664403,1.3862943611198906,7.0587581525186645,5.976350909297934,0.03472772001207329,0.030261179391738658,0.03436033016230747,0.030180205664531914,0.030180205664531914,0.004547514347541377,0.030180205664531914,0.0,0.0
django-django::9eeb788cfb70d07d87b3d07434d6a149ab2d7471::django/views/debug.py,django-django,control,post,f31e9c7a9d03626e753fdb2bb9457228d71d570f,2014-11-13T10:34:59+00:00,django/utils/six.py,.py,0,,90,2.684805323286384,648.0,28153.0,0.25336553830852837,0.717134555539479,0.1095679012345679,0.0,0.2928256988499722,2.0,19.0,4.0,1166.0,397.0,6.0,1.0,844.1286458333333,0.0,6.47543271670409,10.24544471938791,2.995732273553991,1.6094379124341003,7.062191632286556,5.986452005284438,0.034637445913351925,0.032359382340464676,0.03674202377292526,0.03245352081388126,0.03245352081388126,0.004382641432460581,0.03245352081388126,0.0,0.0
django-django::3f76d1402dac9c2993d588f996dc1c331edbc9a7::django/db/backends/base/schema.py,django-django,intervention,pre,f8bfa806805a87d2cdd677089bd96fbf8400cb95,2016-07-15T14:05:03+00:00,django/db/backends/base/schema.py,.py,0,,90,0.9665199522712071,914.0,46141.0,0.21057194252400252,0.7191960847127664,0.19474835886214442,0.06110247973073531,0.30855516215518813,4.0,31.0,15.0,1260.0,112.0,17.0,10.0,547.7838310185185,7.566608796296296,6.818924065275521,10.739478877125554,3.4657359027997265,2.772588722239781,7.13966033596492,4.727387818712341,0.03570495134720265,0.06259242274966814,0.06730446633321055,0.06941200662208273,0.06941200662208273,0.033707055274880084,0.06941200662208273,0.0,0.0
django-django::3f76d1402dac9c2993d588f996dc1c331edbc9a7::django/db/backends/base/schema.py,django-django,intervention,post,3f76d1402dac9c2993d588f996dc1c331edbc9a7,2016-07-15T14:34:37+00:00,django/db/backends/base/schema.py,.py,0,,90,0.9665199522712071,920.0,46324.0,0.2102581815041879,0.7193087137360974,0.1923913043478261,0.06147098441152075,0.3079304145808899,4.0,32.0,16.0,1275.0,127.0,17.0,10.0,547.8043634259259,0.0,6.825460036255307,10.74343705115356,3.4965075614664802,2.833213344056216,7.151485463904735,4.852030263919617,0.035841846679276236,0.06538106215983083,0.0703621519986665,0.07238351524428525,0.07238351524428525,0.03654166856500902,0.07238351524428525,0.0,0.0
django-django::3f76d1402dac9c2993d588f996dc1c331edbc9a7::django/db/backends/base/schema.py,django-django,control,pre,ce32c3e2cc8bdaa9557d4f3c9d830d7af3d01ca9,2016-04-28T22:19:21+00:00,django/db/migrations/operations/models.py,.py,0,,90,0.9665199522712071,619.0,27882.0,0.15475934294526936,0.7130049206799067,0.11308562197092084,0.0,0.25940382543866747,4.0,56.0,8.0,1441.0,302.0,20.0,4.0,1084.2584259259258,1.084710648148148,6.429719478039138,10.23577246310278,4.04305126783455,2.1972245773362196,7.273786317844895,5.713732805509369,0.02498060426838283,0.05087072609885989,0.06417237156370013,0.048645670940174184,0.048645670940174184,0.0391917672953173,0.048645670940174184,0.0,0.0
django-django::3f76d1402dac9c2993d588f996dc1c331edbc9a7::django/db/backends/base/schema.py,django-django,control,post,f951bb78cbf179f0fb70fe74ae0c218925fd7ede,2016-04-28T22:20:48+00:00,django/db/migrations/operations/models.py,.py,0,,90,0.9665199522712071,618.0,27871.0,0.15478454307344552,0.7132542624914696,0.11326860841423948,0.0,0.2594741750835368,4.0,57.0,9.0,1452.0,313.0,20.0,4.0,1084.2594328703703,0.0,6.428105272684596,10.23537787965223,4.060443010546419,2.302585092994046,7.2813856635702825,5.749392985908253,0.02496372575597783,0.052520247790253466,0.0661872899357179,0.05035144305607863,0.05035144305607863,0.041223564179740074,0.05035144305607863,0.0,0.0
django-django::ddf169cdaca91e92dd5bfe6796bb6f38369ecb68::django/conf/global_settings.py,django-django,intervention,pre,f24eea3b69d9c3139f0145cd48a8962f67671aff,2016-11-30T12:49:05+00:00,django/conf/global_settings.py,.py,0,,90,2.2290951448214544,523.0,22074.0,0.3508199691945275,0.7167684095486629,0.06309751434034416,0.14136279290241732,0.33551190440762946,2.0,292.0,15.0,1799.0,55.0,47.0,13.0,4158.474398148148,15.804386574074075,6.261491684321042,10.00220102547216,5.680172609017068,2.772588722239781,7.495541943884256,4.02535169073515,0.028932420020395415,0.09086435921434616,0.08039408046536677,0.09613620492863094,0.09613620492863094,0.06720378490823553,0.09613620492863094,0.0,0.0
django-django::ddf169cdaca91e92dd5bfe6796bb6f38369ecb68::django/conf/global_settings.py,django-django,intervention,post,ddf169cdaca91e92dd5bfe6796bb6f38369ecb68,2016-11-30T13:57:27+00:00,django/conf/global_settings.py,.py,0,,90,2.2290951448214544,524.0,22100.0,0.3508597285067873,0.7167706948809627,0.06297709923664122,0.14136279290241732,0.33551089989311955,2.0,293.0,16.0,1800.0,56.0,48.0,14.0,4158.521875,0.0,6.263398262591624,10.003378135350923,5.683579767338681,2.833213344056216,7.496097345175956,4.04305126783455,0.028965274959097894,0.09571937933605643,0.0855116984642772,0.10095311887604727,0.10095311887604727,0.07198784391694937,0.10095311887604727,0.0,0.0
django-django::ddf169cdaca91e92dd5bfe6796bb6f38369ecb68::django/conf/global_settings.py,django-django,control,pre,bcf3532ede16407f1a701717deaed835eda3e87b,2017-01-18T01:52:02+00:00,django/template/context.py,.py,0,,90,2.2290951448214544,242.0,9457.0,0.2887807972930105,0.7883174044276323,0.1322314049586777,0.0,0.3302112215915812,2.0,67.0,4.0,813.0,42.0,27.0,4.0,3914.0139583333334,20.20048611111111,5.493061443340548,9.15461622320382,4.219507705176107,1.6094379124341003,6.70196036600254,3.7612001156935624,0.015244483498783734,0.022765114957600106,0.02520450036325233,0.02351336219750854,0.02351336219750854,0.009960016864468594,0.02351336219750854,0.0,0.0
django-django::ddf169cdaca91e92dd5bfe6796bb6f38369ecb68::django/conf/global_settings.py,django-django,control,post,740f63a3df2be086917c255421480c568c949f9b,2017-01-18T01:52:03+00:00,django/template/context.py,.py,0,,90,2.2290951448214544,234.0,9153.0,0.28700972358789467,0.7896911923006082,0.13675213675213677,0.0,0.33100629458883535,2.0,68.0,5.0,823.0,52.0,27.0,4.0,3914.0139699074075,0.0,5.459585514144159,9.121946221213587,4.23410650459726,1.791759469228055,6.714170529909472,3.970291913552122,0.014852767838461296,0.024189581474746067,0.026553343179512648,0.0250693305327448,0.0250693305327448,0.011700575341051352,0.0250693305327448,0.0,0.0
django-django::1557778121e5d04a80f1f7c81eeb4b47400939e4::django/core/management/commands/loaddata.py,django-django,intervention,pre,1e655d35ad7540ea557c532ebc72a9acc407df50,2021-05-14T18:45:04+00:00,django/core/management/commands/loaddata.py,.py,0,,180,1.672756177166442,311.0,14570.0,0.2827041866849691,0.7735578669546895,0.21543408360128619,0.0,0.34520154517731466,4.0,125.0,4.0,2333.0,53.0,46.0,4.0,5020.526493055556,0.0,5.7430031878094825,9.586788531013854,4.836281906951478,1.6094379124341003,7.755338812846501,3.9889840465642745,0.014831150184723889,0.022632485427681606,0.026353713576681786,0.025872321179744133,0.025872321179744133,0.011522563391957898,0.025872321179744133,0.0,0.0
django-django::1557778121e5d04a80f1f7c81eeb4b47400939e4::django/core/management/commands/loaddata.py,django-django,intervention,post,1557778121e5d04a80f1f7c81eeb4b47400939e4,2021-05-14T18:45:04+00:00,django/core/management/commands/loaddata.py,.py,0,,180,1.672756177166442,310.0,14462.0,0.2848845249619693,0.7751017172848629,0.2161290322580645,0.0,0.34654114979295997,4.0,126.0,5.0,2342.0,62.0,46.0,4.0,5020.526493055556,0.0,5.739792912179234,9.579348943073732,4.844187086458591,1.791759469228055,7.759187438507795,4.143134726391533,0.014763297965128661,0.024005243709554754,0.02789607534929232,0.02759943058797728,0.02759943058797728,0.01313277738416366,0.02759943058797728,0.0,0.0
django-django::1557778121e5d04a80f1f7c81eeb4b47400939e4::django/core/management/commands/loaddata.py,django-django,control,pre,d08977a0f05cf3efb538dcb09d07915d2ede4c67,2021-01-14T16:50:04+00:00,django/contrib/messages/storage/cookie.py,.py,0,,180,1.672756177166442,179.0,7834.0,0.3197600204237937,0.8159317392181629,0.1340782122905028,0.0,0.34932914092797057,4.0,40.0,7.0,390.0,96.0,19.0,3.0,4053.9949189814815,7.200821759259259,5.19295685089021,8.966356154790121,3.713572066704308,2.0794415416798357,5.968707559985366,4.574710978503383,0.00927138294858175,0.01997808379081811,0.021973527982617418,0.022760526574186774,0.022760526574186774,0.013489143625605025,0.022760526574186774,0.0,0.0
django-django::1557778121e5d04a80f1f7c81eeb4b47400939e4::django/core/management/commands/loaddata.py,django-django,control,post,831a05b1859f960dba0aff3ac46daa40ca70704e,2021-01-14T16:50:04+00:00,django/contrib/messages/storage/cookie.py,.py,0,,180,1.672756177166442,156.0,6720.0,0.32127976190476193,0.8210421226102811,0.1346153846153846,0.0,0.35157062680641643,4.0,41.0,8.0,417.0,123.0,19.0,3.0,4053.9949189814815,0.0,5.056245805348308,8.812992231969966,3.7376696182833684,2.1972245773362196,6.035481432524756,4.820281565605037,0.008249996479218357,0.020228160965861733,0.021664098154640283,0.0230158283572603,0.0230158283572603,0.014765831878041943,0.0230158283572603,0.0,0.0
django-django::c5cd8783825b5f6384417dac5f3889b4210b7d08::django/db/models/sql/query.py,django-django,intervention,pre,c9d6e3595cfd0aa58cde1656bd735ecfcd7a872b,2022-02-03T08:23:02+00:00,django/db/models/sql/query.py,.py,1,CVE-2024-42005,90,2.776551347072897,2267.0,111420.0,0.25923532579429187,0.7254584277877271,0.11954124393471548,0.1768184324776927,0.3225460628058545,4.0,490.0,33.0,12736.0,338.0,102.0,12.0,5030.231087962963,16.640219907407406,7.7266536648476425,11.621071098583894,6.19644412779452,3.5263605246161616,9.45226642258976,5.82600010738045,0.07033424655798723,0.12120447106450921,0.11848388589960465,0.1388371616167148,0.1388371616167148,0.06850291505872758,0.8611628383832852,0.8611628383832852,1.974453531753309
django-django::c5cd8783825b5f6384417dac5f3889b4210b7d08::django/db/models/sql/query.py,django-django,intervention,post,c5cd8783825b5f6384417dac5f3889b4210b7d08,2022-02-03T10:20:46+00:00,django/db/models/sql/query.py,.py,1,CVE-2024-42005,90,2.776551347072897,2267.0,111391.0,0.25923997450422387,0.7254584277877271,0.11954124393471548,0.1768184324776927,0.3225409016589645,4.0,491.0,34.0,12744.0,346.0,102.0,12.0,5030.312847222222,0.0,7.7266536648476425,11.620810790611165,6.198478716492308,3.5553480614894135,9.452894316810216,5.849324779946859,0.07032586882200748,0.12228286621195969,0.1195291192156701,0.14010741322376266,0.14010741322376266,0.06978154440175519,0.8598925867762374,0.8598925867762374,1.9653459132363302
django-django::c5cd8783825b5f6384417dac5f3889b4210b7d08::django/db/models/sql/query.py,django-django,control,pre,0da90533f2bc66e9cf54e9b9795ecbbdc2618bd6,2022-03-29T05:46:55+00:00,django/db/backends/oracle/operations.py,.py,0,,90,2.776551347072897,635.0,29026.0,0.25318679804313377,0.7390651174759525,0.05826771653543307,0.0,0.28575400365202297,4.0,108.0,7.0,1894.0,420.0,41.0,4.0,2630.4379050925927,48.47353009259259,6.455198563340122,10.275981710307592,4.6913478822291435,2.0794415416798357,7.546974117516527,6.042632833682381,0.02566343929931601,0.052004768319687644,0.07046836379183348,0.052410771086067835,0.052410771086067835,0.04480492449251747,0.052410771086067835,0.0,0.0
django-django::c5cd8783825b5f6384417dac5f3889b4210b7d08::django/db/models/sql/query.py,django-django,control,post,f62816bfc6a358ea0f04c733a4f56096d9c2405a,2022-03-29T07:43:03+00:00,django/db/backends/oracle/operations.py,.py,0,,90,2.776551347072897,635.0,29026.0,0.25318679804313377,0.7390651174759525,0.05826771653543307,0.0,0.28575400365202297,4.0,109.0,8.0,1900.0,426.0,41.0,4.0,2630.518553240741,0.0,6.455198563340122,10.275981710307592,4.700480365792417,2.1972245773362196,7.550135342488429,6.056784013228625,0.02566343929931601,0.05346861157992404,0.07238078299303961,0.05403680705780969,0.05403680705780969,0.0467173436937236,0.05403680705780969,0.0,0.0
django-django::7119f40c9881666b6f9b5cf7df09ee1d21cc8344::django/conf/global_settings.py,django-django,intervention,pre,9c19aff7c7561e3a82978a272ecdaad40dda5c00,2022-02-07T19:37:05+00:00,django/conf/global_settings.py,.py,1,CVE-2023-24580,180,1.306901053954455,547.0,22934.0,0.34634167611406647,0.7173428525792216,0.062157221206581355,0.10848083878043617,0.3290397927330374,2.0,342.0,11.0,2344.0,411.0,72.0,11.0,6053.757731481482,0.0,6.306275286948016,10.040419407031273,5.8377304471659395,2.4849066497880004,7.76004068088038,6.021023349349527,0.029864141089787813,0.07827665293954318,0.07914438602548904,0.08027868306758514,0.08027868306758514,0.05041454197779732,0.9197213169324149,0.9197213169324149,2.522251159428895
django-django::7119f40c9881666b6f9b5cf7df09ee1d21cc8344::django/conf/global_settings.py,django-django,intervention,post,7119f40c9881666b6f9b5cf7df09ee1d21cc8344,2022-02-07T19:37:05+00:00,django/conf/global_settings.py,.py,1,CVE-2023-24580,180,1.306901053954455,548.0,22936.0,0.3463550749912801,0.7172587449591372,0.06204379562043796,0.10848083878043617,0.32896486943771786,2.0,343.0,12.0,2351.0,418.0,72.0,11.0,6053.757731481482,0.0,6.3080984415095305,10.040506606194215,5.840641657373398,2.5649493574615367,7.763021309018518,6.037870919922137,0.029881717473949125,0.07968648916864349,0.0805540432964066,0.08184648921978231,0.08184648921978231,0.05196477174583319,0.9181535107802177,0.9181535107802177,2.502909868940357
django-django::7119f40c9881666b6f9b5cf7df09ee1d21cc8344::django/conf/global_settings.py,django-django,control,pre,eb7b8f3699fbe5ad6aaafb264355741648fdd5e4,2022-06-28T04:04:42+00:00,django/http/request.py,.py,1,CVE-2023-24580,180,1.306901053954455,607.0,24876.0,0.2895159993568098,0.749846679695187,0.04612850082372323,0.01548181090521048,0.3001328647501798,2.0,102.0,6.0,1682.0,269.0,50.0,6.0,3536.4109143518517,18.786770833333332,6.410174881966167,10.121698960804775,4.634728988229636,1.9459101490553132,7.428333194190806,5.598421958998375,0.03202615291797599,0.047120723023817035,0.06006767904800925,0.04630091592778085,0.04630091592778085,0.02804152613003326,0.9536990840722191,0.9536990840722191,3.0725935356281493
django-django::7119f40c9881666b6f9b5cf7df09ee1d21cc8344::django/conf/global_settings.py,django-django,control,post,d6e0c7c30c1eb83f49345181dc63723968f297ae,2022-06-28T05:33:41+00:00,django/http/request.py,.py,1,CVE-2023-24580,180,1.306901053954455,604.0,24789.0,0.28932187663883174,0.7499558378755927,0.046357615894039736,0.014465824283188234,0.30006357184358307,2.0,103.0,7.0,1692.0,279.0,51.0,7.0,3536.4727083333332,0.0,6.405228458030842,10.118195625029236,4.6443908991413725,2.0794415416798357,7.4342573821331355,5.634789603169249,0.031925447103204566,0.05061674606963027,0.06517827134641092,0.04966297459861285,0.04966297459861285,0.03325282424320636,0.9503370254013872,0.9503370254013872,3.002495601408596
django-django::7119f40c9881666b6f9b5cf7df09ee1d21cc8344::django/db/models/sql/query.py,django-django,intervention,pre,9c19aff7c7561e3a82978a272ecdaad40dda5c00,2022-02-07T19:37:05+00:00,django/db/models/sql/query.py,.py,1,CVE-2024-42005,90,7.191376945217487,2423.0,113656.0,0.25602695854156404,0.7253759656256763,0.1060668592653735,0.1769837843629441,0.3180743363816033,4.0,0.0,0.0,0.0,0.0,0.0,0.0,,,7.793174347189205,11.640940419992829,0.0,0.0,0.0,0.0,0.07234434304723189,0.005641150391599988,0.005857148735758142,0.006803588607092796,0.006803588607092796,0.0667031926556319,0.9931964113929072,0.9931964113929072,4.990305069666748
django-django::7119f40c9881666b6f9b5cf7df09ee1d21cc8344::django/db/models/sql/query.py,django-django,intervention,post,7119f40c9881666b6f9b5cf7df09ee1d21cc8344,2022-02-07T19:37:05+00:00,django/db/models/sql/query.py,.py,1,CVE-2024-42005,90,7.191376945217487,2424.0,113679.0,0.2560191416180649,0.7253759656256763,0.10602310231023103,0.1769837843629441,0.318060837425506,4.0,0.0,0.0,0.0,0.0,0.0,0.0,,,7.793586803371584,11.641142762770983,0.0,0.0,0.0,0.0,0.07235958511813383,0.005641601004094616,0.005858114038548325,0.006803846287330814,0.006803846287330814,0.06671798411403922,0.9931961537126692,0.9931961537126692,4.99026719621888
django-django::7119f40c9881666b6f9b5cf7df09ee1d21cc8344::django/db/models/sql/query.py,django-django,control,pre,7f8f69fb38247827220805f18c2e0f08406d8a3b,2021-11-24T08:28:21+00:00,django/db/backends/oracle/features.py,.py,0,,90,7.191376945217487,114.0,4745.0,0.3643835616438356,0.8402081848804134,0.03508771929824561,0.0,0.3475875868630701,4.0,62.0,12.0,257.0,55.0,22.0,8.0,2505.5500115740742,26.688796296296296,4.74493212836325,8.465057436995709,4.143134726391533,2.5649493574615367,5.552959584921617,4.02535169073515,0.006325912688263133,0.03165177857463817,0.03626885008138116,0.03455949922037618,0.03455949922037618,0.029942937393118024,0.03455949922037618,0.0,0.0
django-django::7119f40c9881666b6f9b5cf7df09ee1d21cc8344::django/db/models/sql/query.py,django-django,control,post,1555e5850df0a442154e2ce5e54d47bbb013ff66,2021-11-24T09:23:43+00:00,django/db/backends/oracle/features.py,.py,0,,90,7.191376945217487,113.0,4708.0,0.364910790144435,0.8411283223330877,0.035398230088495575,0.0,0.3481637819739883,4.0,63.0,13.0,258.0,56.0,22.0,8.0,2505.588460648148,0.0,4.736198448394496,8.457230850243555,4.1588830833596715,2.6390573296152584,5.556828061699537,4.04305126783455,0.006284859077746737,0.03232916696112658,0.03698736765911361,0.03539443202104112,0.03539443202104112,0.030702508581366875,0.03539443202104112,0.0,0.0
django-django::7119f40c9881666b6f9b5cf7df09ee1d21cc8344::django/http/multipartparser.py,django-django,intervention,pre,9c19aff7c7561e3a82978a272ecdaad40dda5c00,2022-02-07T19:37:05+00:00,django/http/multipartparser.py,.py,1,CVE-2023-24580,365,4.8724215009503276,631.0,26955.0,0.2812836208495641,0.7787465637980289,0.12836767036450078,0.0,0.3230031303578586,2.0,0.0,0.0,0.0,0.0,0.0,0.0,,,6.448889394146858,10.201961186066107,0.0,0.0,0.0,0.0,0.033660917930674064,0.0038643520424982056,0.00576833666893713,0.004242862020012768,0.004242862020012768,0.02979656588817586,0.9957571379799872,0.9957571379799872,5.462517232731498
django-django::7119f40c9881666b6f9b5cf7df09ee1d21cc8344::django/http/multipartparser.py,django-django,intervention,post,7119f40c9881666b6f9b5cf7df09ee1d21cc8344,2022-02-07T19:37:05+00:00,django/http/multipartparser.py,.py,1,CVE-2023-24580,365,4.8724215009503276,634.0,27034.0,0.28075756454834655,0.7786664175345985,0.1277602523659306,0.0,0.3226320429282654,2.0,0.0,0.0,0.0,0.0,0.0,0.0,,,6.453624998892692,10.204887601816106,0.0,0.0,0.0,0.0,0.03375551754975445,0.003868591341367067,0.005780573395653659,0.004243488523303776,0.004243488523303776,0.02988692620838738,0.9957565114766962,0.9957565114766962,5.462369583093659
django-django::7119f40c9881666b6f9b5cf7df09ee1d21cc8344::django/http/multipartparser.py,django-django,control,pre,fd21f82aa82b0d75a161f618ef944ebe0923e0ab,2023-01-18T16:27:23+00:00,django/apps/registry.py,.py,0,,365,4.8724215009503276,357.0,17661.0,0.2790328973444312,0.7966786543109982,0.1568627450980392,0.04553272203045609,0.341132816618976,2.0,73.0,3.0,1540.0,49.0,25.0,3.0,3312.2097916666667,316.10922453703705,5.8805329864007,9.779170718028748,4.30406509320417,1.3862943611198906,7.340186835320115,3.912023005428146,0.023180817572032563,0.0269856979991127,0.025682375243713893,0.0298879006483379,0.0298879006483379,0.006707083076305336,0.0298879006483379,0.0,0.0
django-django::7119f40c9881666b6f9b5cf7df09ee1d21cc8344::django/http/multipartparser.py,django-django,control,post,23e886886249ebe8f80a48b0d25fbb5308eeb06f,2023-01-18T18:11:18+00:00,django/apps/registry.py,.py,0,,365,4.8724215009503276,357.0,17667.0,0.27882492783155033,0.7964699305228463,0.1568627450980392,0.04594316186372964,0.3410700045930561,2.0,74.0,4.0,1542.0,51.0,25.0,3.0,3312.2819560185185,0.0,5.8805329864007,9.779510372716418,4.31748811353631,1.6094379124341003,7.341483852363161,3.9512437185814275,0.0231846036068202,0.028499298699499055,0.02706440732032066,0.03172465458691345,0.03172465458691345,0.008540050980093254,0.03172465458691345,0.0,0.0
django-django::12576bd371c96fcc92f47a3df806531ff10450c6::django/contrib/auth/views.py,django-django,intervention,pre,420d13edeed8d2848b52f37144fe5edb7baff0cc,2022-04-20T07:59:48+00:00,django/contrib/auth/views.py,.py,0,,365,3.389261279450994,341.0,15030.0,0.22548236859614104,0.763348945301642,0.06451612903225806,0.003342300153745015,0.2857188888338599,3.0,128.0,6.0,2481.0,214.0,54.0,5.0,5832.269351851852,1.1487268518518519,5.834810737062605,9.617870014133226,4.859812404361672,1.9459101490553132,7.8168199657645525,5.3706380281276624,0.018102159399144595,0.02917374786296364,0.0359564820157721,0.027959154727457955,0.027959154727457955,0.0178543226166275,0.027959154727457955,0.0,0.0
django-django::12576bd371c96fcc92f47a3df806531ff10450c6::django/contrib/auth/views.py,django-django,intervention,post,12576bd371c96fcc92f47a3df806531ff10450c6,2022-04-20T08:04:29+00:00,django/contrib/auth/views.py,.py,0,,365,3.389261279450994,331.0,14522.0,0.22944498003029887,0.7638707964700293,0.06646525679758308,0.0,0.28723098572658035,3.0,129.0,7.0,2527.0,260.0,54.0,5.0,5832.2726041666665,0.0,5.805134968916488,9.583488878607804,4.867534450455582,2.0794415416798357,7.8351837552667485,5.564520407322694,0.017644090169824923,0.030499401407455124,0.03775321826116477,0.029337533444784757,0.029337533444784757,0.020109128091339846,0.029337533444784757,0.0,0.0
django-django::12576bd371c96fcc92f47a3df806531ff10450c6::django/contrib/auth/views.py,django-django,control,pre,b119f4329c2a4878f1c72f4d25d193d080792f62,2023-01-17T10:49:15+00:00,django/db/models/query.py,.py,0,,365,3.389261279450994,2347.0,101598.0,0.2282328392291187,0.7029086807121296,0.15423945462292288,0.14614794472861553,0.3111644411969069,3.0,556.0,22.0,13206.0,1328.0,143.0,15.0,6104.387025462963,0.0,7.761319180947987,11.528788971558395,6.322565239927284,3.1354942159291497,9.488502271043805,7.192182058713246,0.07890446164965571,0.11522993124672769,0.130483672039652,0.12066982970046586,0.12066982970046586,0.051579210389996286,0.12066982970046586,0.0,0.0
django-django::12576bd371c96fcc92f47a3df806531ff10450c6::django/contrib/auth/views.py,django-django,control,post,139135627650ed6aaaf4c755b82c3bd43f2b8f51,2023-01-17T10:49:15+00:00,django/db/models/query.py,.py,0,,365,3.389261279450994,2339.0,101189.0,0.2282066232495627,0.7030457682178842,0.15476699444206926,0.1449148645375436,0.3111603610835789,3.0,557.0,23.0,13220.0,1342.0,143.0,15.0,6104.387025462963,0.0,7.757906208351747,11.524755216723806,6.324358962381311,3.1780538303479458,9.489561753510097,7.202661196523238,0.07868376182978586,0.11618162121128074,0.1319401646075714,0.12174656737387643,0.12174656737387643,0.05325640277778555,0.12174656737387643,0.0,0.0
django-django::3d734c09ff0138441dfe0a59010435871d17950f::django/db/models/sql/query.py,django-django,intervention,pre,04518e310d4552ff7595a34f5a7f93487d78a406,2022-10-06T07:34:31+00:00,django/db/models/sql/query.py,.py,1,CVE-2024-42005,730,5.674756886873912,2436.0,113821.0,0.25511988121699863,0.7252511818879711,0.1116584564860427,0.19395792143146923,0.32165779900278957,4.0,512.0,30.0,13819.0,1161.0,110.0,15.0,5275.197395833334,0.0,7.798523053625206,11.642391103607023,6.240275845170769,3.4339872044851463,9.53387209732166,7.057897937411856,0.07250338476998748,0.1508425642461961,0.1459049567792973,0.1671750671689183,0.1671750671689183,0.09467168239893083,0.8328249328310817,0.8328249328310817,1.7887137092541192
django-django::3d734c09ff0138441dfe0a59010435871d17950f::django/db/models/sql/query.py,django-django,intervention,post,3d734c09ff0138441dfe0a59010435871d17950f,2022-10-06T09:38:03+00:00,django/db/models/sql/query.py,.py,1,CVE-2024-42005,730,5.674756886873912,2437.0,113963.0,0.2552758351394751,0.7254689117481118,0.11202297907263029,0.19439799143437392,0.3219139735388654,4.0,513.0,31.0,13836.0,1178.0,110.0,15.0,5275.28318287037,0.0,7.798933310041217,11.643637888030954,6.2422232654551655,3.4657359027997265,9.535101442669385,7.072421900537371,0.07255319826585448,0.15207911875349825,0.1468758395282206,0.16872471843085055,0.16872471843085055,0.09617152016499607,0.8312752815691494,0.8312752815691494,1.7794867771592124
django-django::3d734c09ff0138441dfe0a59010435871d17950f::django/db/models/sql/query.py,django-django,control,pre,79099a7ba454581ab521fcb4ea61fc6ed3dccf26,2023-12-01T09:44:58+00:00,django/contrib/gis/geoip2/base.py,.py,0,,730,5.674756886873912,194.0,8717.0,0.30973958930824824,0.8168397222241858,0.0979381443298969,0.0,0.3363939809974362,4.0,21.0,3.0,433.0,41.0,12.0,1.0,3044.833275462963,0.08768518518518519,5.272999558563747,9.073145132798338,3.091042453358316,1.3862943611198906,6.073044534100405,3.7376696182833684,0.010009103942308329,0.012193977375155424,0.012958490534132113,0.01364106112880972,0.01364106112880972,0.0036319571865013906,0.01364106112880972,0.0,0.0
django-django::3d734c09ff0138441dfe0a59010435871d17950f::django/db/models/sql/query.py,django-django,control,post,0f83133a35088f6bbbce11ea8256168782860932,2023-12-01T12:55:45+00:00,django/contrib/gis/geoip2/base.py,.py,0,,730,5.674756886873912,196.0,8773.0,0.30878832782400545,0.8154991110194169,0.10204081632653061,0.0,0.33668959067420867,4.0,22.0,4.0,439.0,47.0,12.0,1.0,3044.965763888889,0.0,5.2832037287379885,9.07954808172616,3.1354942159291497,1.6094379124341003,6.0867747269123065,3.871201010907891,0.010071783169670818,0.013289119721178676,0.014121831121784521,0.014938054979045608,0.014938054979045608,0.0048662718093747896,0.014938054979045608,0.0,0.0
go-gitea-gitea::1f2e173a745da8e4b57f96b5561a3c10054d3b76::modules/context/context.go,go-gitea-gitea,intervention,pre,46e96c008cf966428c9dad71c7871de88186e3fe,2016-07-23T16:23:54+00:00,modules/context/context.go,.go,0,,90,4.901853014961426,147.0,5296.0,0.39520392749244715,0.7918254450176304,0.1292517006802721,0.0,0.369736179677245,2.0,3.0,3.0,350.0,350.0,1.0,1.0,133.97710648148148,131.73238425925925,4.997212273764115,8.574895901544526,1.3862943611198906,1.3862943611198906,5.860786223465865,5.860786223465865,0.009884952749243876,0.010029070270830194,0.008672870544985908,0.011267762024428985,0.011267762024428985,0.0025948914794430775,0.011267762024428985,0.0,0.0
go-gitea-gitea::1f2e173a745da8e4b57f96b5561a3c10054d3b76::modules/context/context.go,go-gitea-gitea,intervention,post,1f2e173a745da8e4b57f96b5561a3c10054d3b76,2016-07-23T17:08:22+00:00,modules/context/context.go,.go,0,,90,4.901853014961426,147.0,5296.0,0.395392749244713,0.7921066386646946,0.1292517006802721,0.0,0.36985053649787303,2.0,4.0,4.0,352.0,352.0,1.0,1.0,134.0079861111111,0.0,4.997212273764115,8.574895901544526,1.6094379124341003,1.6094379124341003,5.8664680569332965,5.8664680569332965,0.009884952749243876,0.011707083652100282,0.010220168431354103,0.013198236484830738,0.013198236484830738,0.0033132837355868625,0.013198236484830738,0.0,0.0
go-gitea-gitea::1f2e173a745da8e4b57f96b5561a3c10054d3b76::modules/context/context.go,go-gitea-gitea,control,pre,f0df46c88a9854cbb46221ac6d076e6062a9efc1,2016-07-01T14:24:41+00:00,modules/setting/setting.go,.go,0,,90,4.901853014961426,572.0,21084.0,0.31782394232593436,0.709308669759744,0.09615384615384616,0.04262647547020979,0.3162589362883049,2.0,138.0,71.0,1949.0,666.0,26.0,12.0,767.5925462962963,1.967835648148148,6.35088571671474,9.95631716618066,4.9344739331306915,4.276666119016055,7.575584651557793,6.502790045915623,0.029074574107121113,0.16964959821735356,0.18782796336167285,0.17421406533210804,0.17421406533210804,0.15875338925455174,0.17421406533210804,0.0,0.0
go-gitea-gitea::1f2e173a745da8e4b57f96b5561a3c10054d3b76::modules/context/context.go,go-gitea-gitea,control,post,99c3a9390fefd3990d9f3edc63310bbae72d0cab,2016-07-01T14:26:15+00:00,modules/setting/setting.go,.go,0,,90,4.901853014961426,572.0,21099.0,0.3180245509265842,0.7091980277246139,0.09615384615384616,0.042206476617281295,0.3162349067536824,2.0,139.0,72.0,1951.0,668.0,27.0,13.0,767.5936342592593,0.0,6.35088571671474,9.957028319464158,4.941642422609304,4.290459441148391,7.5766097669730375,6.505784060128229,0.029084457441447522,0.1764699310142112,0.19702267043232163,0.18053993090445605,0.18053993090445605,0.1679382129908741,0.18053993090445605,0.0,0.0
go-gitea-gitea::47fd1569361a4cb474aa760cefa76c1158c5d944::modules/context/context.go,go-gitea-gitea,intervention,pre,ab77a24f18ae45248bd6c71778fe3bfacacf864f,2021-05-04T16:16:23+00:00,modules/context/context.go,.go,1,CVE-2022-1058,90,1.4823440339943548,552.0,21669.0,0.28699986155337115,0.7230321938129376,0.10144927536231885,0.056985560833094875,0.3129483866296018,2.0,64.0,22.0,1519.0,848.0,24.0,9.0,1879.971886574074,18.97391203703704,6.315358001522335,9.983684094530405,4.174387269895637,3.1354942159291497,7.326465613840322,6.744059186311348,0.029144909596747204,0.08654847972799387,0.08868957428606904,0.08804012073500506,0.08804012073500506,0.05954466468932183,0.911959879264995,0.911959879264995,2.4299626509594705
go-gitea-gitea::47fd1569361a4cb474aa760cefa76c1158c5d944::modules/context/context.go,go-gitea-gitea,intervention,post,47fd1569361a4cb474aa760cefa76c1158c5d944,2021-05-04T21:48:31+00:00,modules/context/context.go,.go,1,CVE-2022-1058,90,1.4823440339943548,556.0,22136.0,0.28650162631008314,0.7220302135225526,0.10071942446043165,0.05887146355822637,0.31261173220981975,2.0,65.0,23.0,1525.0,854.0,24.0,9.0,1880.2025347222223,0.0,6.322565239927284,10.005005695726476,4.189654742026425,3.1780538303479458,7.330405211844402,6.75110146893676,0.029507078951273667,0.08840413355977488,0.09017896403410125,0.09009816298520028,0.09009816298520028,0.06067188508282759,0.9099018370147998,0.9099018370147998,2.406855503197224
go-gitea-gitea::47fd1569361a4cb474aa760cefa76c1158c5d944::modules/context/context.go,go-gitea-gitea,control,pre,bee8ce342f3b6f70f6f1d54c3bf2e866f7adbb13,2021-04-23T08:22:52+00:00,routers/routes/web.go,.go,0,,90,1.4823440339943548,973.0,48443.0,0.21321966021922673,0.5889306599857163,0.03597122302158273,0.1552669097514272,0.25148600174763275,2.0,25.0,25.0,1523.0,1523.0,13.0,13.0,86.69859953703704,7.243657407407407,6.881411303642535,10.78816377064094,3.258096538021482,3.258096538021482,7.329093736246592,7.329093736246592,0.050453600275808606,0.12037761153260264,0.09694309809339549,0.11100218090740496,0.11100218090740496,0.06992401125679404,0.11100218090740496,0.0,0.0
go-gitea-gitea::47fd1569361a4cb474aa760cefa76c1158c5d944::modules/context/context.go,go-gitea-gitea,control,post,1b3dbdba4e218a9f2ca58f342a20c8beb53bb28a,2021-04-23T15:18:21+00:00,routers/routes/web.go,.go,0,,90,1.4823440339943548,974.0,48494.0,0.21301604322184187,0.5888750601958033,0.03593429158110883,0.1552669097514272,0.2513968024461497,2.0,26.0,26.0,1524.0,1524.0,13.0,13.0,86.98712962962964,0.0,6.882437470997847,10.789215978827643,3.295836866004329,3.295836866004329,7.329749689041512,7.329749689041512,0.050493624989534164,0.1232419224779006,0.0994726817533608,0.11371252442270037,0.11371252442270037,0.07274829748836643,0.11371252442270037,0.0,0.0
go-gitea-gitea::4da1d9781025aa4a85899b1ddeb25aabbaa82703::modules/context/context.go,go-gitea-gitea,intervention,pre,9d943bf374e56e4d403303a6a2caafc1c79cdb6f,2021-12-15T05:39:34+00:00,modules/context/context.go,.go,1,CVE-2022-1058,90,0.6379345550982594,601.0,24086.0,0.28273685958648176,0.7216313348454363,0.10815307820299501,0.06329951971429573,0.31365143006782253,2.0,88.0,43.0,1780.0,1105.0,25.0,9.0,2104.5296527777778,20.826550925925925,6.400257445308821,10.089427554852794,4.48863636973214,3.784189633918261,7.484930283289661,7.00850518208228,0.03144385528211683,0.1147199312049061,0.11678732073300134,0.11872534616377946,0.11872534616377946,0.08728149088166262,0.8812746538362205,0.8812746538362205,2.1309424688739695
go-gitea-gitea::4da1d9781025aa4a85899b1ddeb25aabbaa82703::modules/context/context.go,go-gitea-gitea,intervention,post,4da1d9781025aa4a85899b1ddeb25aabbaa82703,2021-12-15T06:59:57+00:00,modules/context/context.go,.go,1,CVE-2022-1058,90,0.6379345550982594,567.0,23416.0,0.28540314314998294,0.7244097617271811,0.10052910052910052,0.06183855022586062,0.3131196827010699,2.0,89.0,44.0,1937.0,1262.0,25.0,9.0,2104.585474537037,0.0,6.342121418721152,10.061217533302013,4.499809670330265,3.8066624897703196,7.569411792450712,7.141245122350491,0.030488004585683796,0.11564834191697024,0.11713655306669164,0.11963271309538749,0.11963271309538749,0.0891447085097037,0.8803672869046125,0.8803672869046125,2.123328954001174
go-gitea-gitea::4da1d9781025aa4a85899b1ddeb25aabbaa82703::modules/context/context.go,go-gitea-gitea,control,pre,b74a0f9060d5fda341f5554ef529a2006308c6ab,2021-09-18T15:44:45+00:00,modules/templates/helper.go,.go,0,,90,0.6379345550982594,844.0,27233.0,0.25487460066830686,0.7251296643220626,0.1481042654028436,0.06510516911789281,0.31524545940480525,2.0,119.0,31.0,1702.0,383.0,41.0,11.0,1746.9071064814814,12.064907407407407,6.739336627357174,10.21222147168452,4.787491742782046,3.4657359027997265,7.440146680662688,5.950642552587727,0.03688581653573744,0.11363231496014534,0.12472413825951399,0.11541381780570466,0.11541381780570466,0.08783832172377655,0.11541381780570466,0.0,0.0
go-gitea-gitea::4da1d9781025aa4a85899b1ddeb25aabbaa82703::modules/context/context.go,go-gitea-gitea,control,post,d04e581f09befcc309598da4f3dda01c7b965f0e,2021-09-18T16:22:51+00:00,modules/templates/helper.go,.go,0,,90,0.6379345550982594,844.0,27233.0,0.2548011603569199,0.725185010093566,0.1481042654028436,0.06510516911789281,0.3151993195933818,2.0,120.0,32.0,1708.0,389.0,41.0,11.0,1746.9335648148149,0.0,6.739336627357174,10.21222147168452,4.795790545596741,3.4965075614664802,7.443663683115591,5.966146739123692,0.03688581653573744,0.11486058034851039,0.12605645472507335,0.11670944751662135,0.11670944751662135,0.0891706381893359,0.11670944751662135,0.0,0.0
prometheus-prometheus::682cf6fc51f2ce8ca38d7039ebf0133e34e46886::rules/ast/query_analyzer.go,prometheus-prometheus,intervention,pre,fd63500ed3550a5f7fd252ee4317a259fbe6ec38,2014-02-14T14:01:39+00:00,rules/ast/query_analyzer.go,.go,0,,365,0.8414356547174346,102.0,5943.0,0.31347804139323576,0.8147310441514898,0.16666666666666666,0.0,0.3556753012812961,2.0,13.0,13.0,310.0,310.0,3.0,3.0,329.86443287037036,0.0,4.634728988229636,8.690137586397595,2.6390573296152584,2.6390573296152584,5.739792912179234,5.739792912179234,0.009357909137120972,0.02557668828850206,0.022404863058257615,0.02920544735297645,0.02920544735297645,0.019847538215855477,0.02920544735297645,0.0,0.0
prometheus-prometheus::682cf6fc51f2ce8ca38d7039ebf0133e34e46886::rules/ast/query_analyzer.go,prometheus-prometheus,intervention,post,682cf6fc51f2ce8ca38d7039ebf0133e34e46886,2014-02-14T14:15:57+00:00,rules/ast/query_analyzer.go,.go,0,,365,0.8414356547174346,102.0,6165.0,0.3099756690997567,0.8161523818076772,0.16666666666666666,0.0,0.3549532076444038,2.0,14.0,14.0,326.0,326.0,3.0,3.0,329.87436342592594,0.0,4.634728988229636,8.726805608446096,2.70805020110221,2.70805020110221,5.7899601708972535,5.7899601708972535,0.009526721297487103,0.027138409355675,0.02378748458150341,0.03108782536251961,0.03108782536251961,0.021561104065032508,0.03108782536251961,0.0,0.0
prometheus-prometheus::682cf6fc51f2ce8ca38d7039ebf0133e34e46886::rules/ast/query_analyzer.go,prometheus-prometheus,control,pre,d6b9e976553c2d589b0af3f7070fdaa3224ceffa,2015-01-08T15:34:01+00:00,rules/manager/manager.go,.go,0,,365,0.8414356547174346,222.0,8059.0,0.3680357364437275,0.7783025090466367,0.08558558558558559,0.0,0.3445673828837659,2.0,14.0,14.0,406.0,406.0,3.0,3.0,223.00630787037036,0.0,5.407171771460119,8.994668835500674,2.70805020110221,2.70805020110221,6.008813185442595,6.008813185442595,0.013742059405667341,0.030946310454283647,0.03122847632083348,0.03355503997487948,0.03355503997487948,0.019812980569212137,0.03355503997487948,0.0,0.0
prometheus-prometheus::682cf6fc51f2ce8ca38d7039ebf0133e34e46886::rules/ast/query_analyzer.go,prometheus-prometheus,control,post,bb1e49383e07c8623c39edf545c8f45f92ab0279,2015-01-08T16:50:55+00:00,rules/manager/manager.go,.go,0,,365,0.8414356547174346,223.0,8126.0,0.36684715727295103,0.7781118151617331,0.08520179372197309,0.0,0.3439951919493702,2.0,15.0,15.0,407.0,407.0,3.0,3.0,223.05971064814815,0.0,5.4116460518550396,9.002947130753205,2.772588722239781,2.772588722239781,6.0112671744041615,6.0112671744041615,0.013816228314479276,0.03241642138281633,0.03282598330525567,0.035151410848573886,0.035151410848573886,0.02133518253409461,0.035151410848573886,0.0,0.0
prometheus-prometheus::b1e49561427992dd28b4795cfd38002483b4f9ff::web/web.go,prometheus-prometheus,intervention,pre,b90350737180876c6318c57cc260b62f8f0c94cb,2014-12-09T13:46:32+00:00,web/web.go,.go,0,,90,0.505626948856754,161.0,5348.0,0.35284218399401646,0.7686216869685475,0.11180124223602485,0.0,0.34482213718770505,1.0,44.0,9.0,487.0,172.0,7.0,4.0,668.9957870370371,13.89829861111111,5.087596335232384,8.58466490653125,3.8066624897703196,2.302585092994046,6.1903154058531475,5.153291594497779,0.011948714964850206,0.03818248155491756,0.03755760872748677,0.03895805025777797,0.03895805025777797,0.02700933529292776,0.03895805025777797,0.0,0.0
prometheus-prometheus::b1e49561427992dd28b4795cfd38002483b4f9ff::web/web.go,prometheus-prometheus,intervention,post,b1e49561427992dd28b4795cfd38002483b4f9ff,2014-12-10T15:16:49+00:00,web/web.go,.go,0,,90,0.505626948856754,159.0,5542.0,0.35546734031035726,0.7710919570598154,0.11320754716981132,0.0,0.3464778593366079,1.0,45.0,10.0,522.0,207.0,7.0,4.0,670.0584837962963,0.0,5.075173815233827,8.620291149419804,3.828641396489095,2.3978952727983707,6.259581464064923,5.337538079701318,0.012111498941965032,0.04042886404593377,0.03955030426878969,0.04166339702721008,0.04166339702721008,0.029551898085245047,0.04166339702721008,0.0,0.0
prometheus-prometheus::b1e49561427992dd28b4795cfd38002483b4f9ff::web/web.go,prometheus-prometheus,control,pre,2b4ff620aaa63996c472c4148c682ee8f53f5d1b,2014-11-25T16:09:03+00:00,retrieval/target.go,.go,0,,90,0.505626948856754,236.0,10144.0,0.3653391167192429,0.7817333908377968,0.012711864406779662,0.0,0.3255139163348034,1.0,50.0,12.0,1458.0,298.0,6.0,3.0,690.2024537037037,0.00020833333333333335,5.4680601411351315,9.224736252259914,3.9318256327243257,2.5649493574615367,7.285506548522785,5.700443573390687,0.01829900771409192,0.04773875517908969,0.048665788907937775,0.04917479774206873,0.04917479774206873,0.030875790027976812,0.04917479774206873,0.0,0.0
prometheus-prometheus::b1e49561427992dd28b4795cfd38002483b4f9ff::web/web.go,prometheus-prometheus,control,post,6b37e47f9e3f98c066ac96a010a66d90f8584b1b,2014-11-25T16:09:03+00:00,retrieval/target.go,.go,0,,90,0.505626948856754,236.0,10262.0,0.3662054180471643,0.7811310363557024,0.012711864406779662,0.0,0.3256662731669734,1.0,51.0,13.0,1461.0,301.0,6.0,3.0,690.2024537037037,0.0,5.4680601411351315,9.236300473645715,3.9512437185814275,2.6390573296152584,7.2875606403097235,5.71042701737487,0.018401545488837236,0.04907142036561486,0.050047542819457225,0.050713467049644745,0.050713467049644745,0.032311921560807505,0.050713467049644745,0.0,0.0
prometheus-prometheus::e405e2f1ea2156f76a7e70f5471b88a590a8e24a::web/web.go,prometheus-prometheus,intervention,pre,a8cce41882e5d94f876d93c1b7c29d37a32f58eb,2017-12-17T15:15:04+00:00,web/web.go,.go,1,CVE-2021-29622;GHSA-VX57-7F4Q-FPC7,90,3.4011973816621555,671.0,22453.0,0.303834676880595,0.7204570136981149,0.09388971684053651,0.06688849842662474,0.31784730637949066,1.0,149.0,39.0,2703.0,597.0,33.0,18.0,1773.0572685185184,3.978391203703704,6.51025834052315,10.019224051018725,5.0106352940962555,3.6888794541139363,7.902487437162855,6.393590753950631,0.03664279791272851,0.18320463603731382,0.19756040347233123,0.1788195062033694,0.1788195062033694,0.16091760555960272,0.8211804937966306,0.8211804937966306,1.7213783270960163
prometheus-prometheus::e405e2f1ea2156f76a7e70f5471b88a590a8e24a::web/web.go,prometheus-prometheus,intervention,post,e405e2f1ea2156f76a7e70f5471b88a590a8e24a,2017-12-18T17:22:49+00:00,web/web.go,.go,1,CVE-2021-29622;GHSA-VX57-7F4Q-FPC7,90,3.4011973816621555,671.0,22453.0,0.30423551418518685,0.720364519036503,0.09388971684053651,0.06724253419714951,0.31800199301887266,1.0,150.0,40.0,2715.0,609.0,33.0,18.0,1774.1459837962964,0.0,6.51025834052315,10.019224051018725,5.017279836814924,3.713572066704308,7.906915488678587,6.413458957167357,0.03664279791272851,0.18479329471909398,0.19902351063848023,0.18049882867272074,0.18049882867272074,0.16238071272575172,0.8195011713272793,0.8195011713272793,1.7120309905780648
prometheus-prometheus::e405e2f1ea2156f76a7e70f5471b88a590a8e24a::web/web.go,prometheus-prometheus,control,pre,546c29af5b896f37cc91e8f67a4dc14b1ed611fe,2018-01-09T16:34:23+00:00,discovery/manager.go,.go,0,,90,3.4011973816621555,223.0,9384.0,0.2971014492753623,0.7856766538434935,0.17488789237668162,0.0,0.3436542084504686,1.0,14.0,14.0,826.0,826.0,2.0,2.0,21.96636574074074,0.0,5.4116460518550396,9.14686794902061,2.70805020110221,2.70805020110221,6.717804695023691,6.717804695023691,0.017323641525363212,0.03422133323623394,0.031067770096128336,0.03702789045618658,0.03702789045618658,0.01970424893082337,0.03702789045618658,0.0,0.0
prometheus-prometheus::e405e2f1ea2156f76a7e70f5471b88a590a8e24a::web/web.go,prometheus-prometheus,control,post,abfd9f19209975d20d162ed509111c47589a7b3f,2018-01-12T12:19:52+00:00,discovery/manager.go,.go,0,,90,3.4011973816621555,223.0,9383.0,0.2971331130768411,0.7856766538434935,0.17488789237668162,0.0,0.34369010809932604,1.0,15.0,15.0,828.0,828.0,2.0,2.0,24.789618055555554,0.0,5.4116460518550396,9.146761390333312,2.772588722239781,2.772588722239781,6.720220155135295,6.720220155135295,0.01732274863733564,0.03573897586671173,0.03253404890685415,0.038704409037532514,0.038704409037532514,0.021381660400196872,0.038704409037532514,0.0,0.0
prometheus-prometheus::d48606827c06abdf320bcee6a3df79b3708979b1::block.go,prometheus-prometheus,intervention,pre,e138c7ed7e101d8addaf22978d2d6b15b1fb1963,2019-02-08T11:26:28+00:00,block.go,.go,0,,90,0.6493189190485582,407.0,17203.0,0.30820205778061965,0.7599455304398739,0.11056511056511056,0.0,0.32326718048996417,0.0,116.0,21.0,3310.0,201.0,13.0,11.0,791.7800694444444,9.073472222222222,6.0112671744041615,9.752897193903626,4.762173934797756,3.091042453358316,8.105005537547246,5.308267697401205,0.03243327643451435,0.11259062512919167,0.12478460842776107,0.1129057240700821,0.1129057240700821,0.09235133199324672,0.1129057240700821,0.0,0.0
prometheus-prometheus::d48606827c06abdf320bcee6a3df79b3708979b1::block.go,prometheus-prometheus,intervention,post,d48606827c06abdf320bcee6a3df79b3708979b1,2019-02-08T11:35:32+00:00,block.go,.go,0,,90,0.6493189190485582,404.0,17249.0,0.3090034204881442,0.7615521357248344,0.10891089108910891,0.0,0.3235619951327668,0.0,117.0,22.0,3339.0,230.0,13.0,11.0,791.7863657407407,0.0,6.003887067106539,9.755567422459507,4.770684624465665,3.1354942159291497,8.113726085970747,5.442417710521793,0.03240294619793533,0.11592257881735679,0.12833320145800114,0.1164033165460105,0.1164033165460105,0.09593025526006582,0.1164033165460105,0.0,0.0
prometheus-prometheus::d48606827c06abdf320bcee6a3df79b3708979b1::block.go,prometheus-prometheus,control,pre,45acaadd81a2d8f754bed862ed20cf486882f006,2019-02-06T12:07:35+00:00,compact.go,.go,0,,90,0.6493189190485582,748.0,24346.0,0.3066622853856896,0.7349608269482696,0.1751336898395722,0.03837042924740519,0.33825331664330066,0.0,121.0,25.0,3562.0,415.0,16.0,13.0,765.1060185185186,0.0,6.618738983517219,10.100163917635166,4.804021044733257,3.258096538021482,8.178358165605836,6.030685260261263,0.04578710641764162,0.15450791628041685,0.16353556655247656,0.15749709957739938,0.15749709957739938,0.11774846013483495,0.15749709957739938,0.0,0.0
prometheus-prometheus::d48606827c06abdf320bcee6a3df79b3708979b1::block.go,prometheus-prometheus,control,post,08e7bc8ee855e341af3473ab08c42ac388ae41f2,2019-02-06T14:09:42+00:00,compact.go,.go,0,,90,0.6493189190485582,745.0,24263.0,0.3073403948398796,0.735810722626318,0.174496644295302,0.03837042924740519,0.33847329278995253,0.0,122.0,26.0,3576.0,429.0,16.0,13.0,765.1908217592593,0.0,6.61472560020376,10.096749049368418,4.812184355372417,3.295836866004329,8.182279739259018,6.063785208687608,0.04565963305767407,0.15645949137576137,0.16551283105802855,0.1596251407163979,0.1596251407163979,0.11985319800035449,0.1596251407163979,0.0,0.0
prometheus-prometheus::a2e5ad61746ec143c8385a5536c542be060b78c1::web/web.go,prometheus-prometheus,intervention,pre,4fca1b9f5dee6ba8d4da596be9b2f671097b1431,2021-02-14T09:07:25+00:00,web/web.go,.go,1,CVE-2021-29622;GHSA-VX57-7F4Q-FPC7,180,0.6105275200143847,956.0,33258.0,0.285675626916832,0.7113817436946088,0.10774058577405858,0.1014020470314934,0.3174095556074703,1.0,246.0,28.0,4306.0,512.0,68.0,17.0,2927.8019560185185,5.518078703703703,6.863803391452954,10.412080686149404,5.5093883366279774,3.367295829986474,8.36799688505411,6.240275845170769,0.04896037875691804,0.15625856077723008,0.16433504389626147,0.15365410708331306,0.15365410708331306,0.11537466513934343,0.8463458929166869,0.8463458929166869,1.8730512606404457
prometheus-prometheus::a2e5ad61746ec143c8385a5536c542be060b78c1::web/web.go,prometheus-prometheus,intervention,post,a2e5ad61746ec143c8385a5536c542be060b78c1,2021-02-15T11:30:00+00:00,web/web.go,.go,1,CVE-2021-29622;GHSA-VX57-7F4Q-FPC7,180,0.6105275200143847,959.0,33316.0,0.2859887141313483,0.7114258142369168,0.10844629822732013,0.10195907283578816,0.3177700933076459,1.0,247.0,29.0,4314.0,520.0,68.0,17.0,2928.900972222222,0.0,6.866933284461882,10.413823056212888,5.5134287461649825,3.4011973816621555,8.36985260351753,6.255750041753367,0.04904543372974243,0.15776158657081857,0.165634468604753,0.1553465482670165,0.1553465482670165,0.11658903487501057,0.8446534517329836,0.8446534517329836,1.8620968624628826
prometheus-prometheus::a2e5ad61746ec143c8385a5536c542be060b78c1::web/web.go,prometheus-prometheus,control,pre,cfd4e05c9e8ea0f9bc865035e4a4760d1f294d02,2020-08-26T15:06:27+00:00,config/config_test.go,.go,0,,180,0.6105275200143847,936.0,31251.0,0.1790342709033311,0.6856187918481125,0.00641025641025641,0.0366322214245816,0.23976040167914128,1.0,136.0,11.0,2723.0,516.0,57.0,9.0,2749.8771990740743,5.0535648148148145,6.842683282238422,10.349838653116635,4.919980925828125,2.4849066497880004,7.909856667269403,6.248042874508429,0.04725853021193033,0.08275537314429436,0.10432006026569295,0.06859405261386689,0.06859405261386689,0.05706153005376262,0.06859405261386689,0.0,0.0
prometheus-prometheus::a2e5ad61746ec143c8385a5536c542be060b78c1::web/web.go,prometheus-prometheus,control,post,7c0d5ae4e7bc015fabe185202c167293be31bdc9,2020-08-26T15:36:59+00:00,config/config_test.go,.go,0,,180,0.6105275200143847,958.0,31950.0,0.177339593114241,0.6841772056182167,0.006263048016701462,0.040087943628218346,0.23927896700304052,1.0,137.0,12.0,2748.0,541.0,58.0,10.0,2749.898402777778,0.0,6.8658910748834385,10.37195875822042,4.927253685157205,2.5649493574615367,7.918992488165245,6.295266001439646,0.04807846295102572,0.0885408818249446,0.1114718119277648,0.07324597818089312,0.07324597818089312,0.06339334897673908,0.07324597818089312,0.0,0.0
prometheus-prometheus::06b486b41e233eeb8c772fb18c04ed83567cd56f::storage/remote/write.go,prometheus-prometheus,intervention,pre,44f166d0664bb3bd1dfd36d74ed686079eee6c88,2023-11-09T13:18:12+00:00,storage/remote/write.go,.go,0,,90,0.7644314756625072,243.0,9322.0,0.3351212186226132,0.7918355849275397,0.09053497942386832,0.0,0.3371216405872441,2.0,54.0,3.0,783.0,36.0,28.0,3.0,2311.0765625,0.0,5.497168225293202,9.140239744296693,4.007333185232471,1.3862943611198906,6.664409020350408,3.6109179126442243,0.01515755201679665,0.021073964975881775,0.0231925890334367,0.02211967001785277,0.02211967001785277,0.00803503701664005,0.02211967001785277,0.0,0.0
prometheus-prometheus::06b486b41e233eeb8c772fb18c04ed83567cd56f::storage/remote/write.go,prometheus-prometheus,intervention,post,06b486b41e233eeb8c772fb18c04ed83567cd56f,2023-11-09T13:18:12+00:00,storage/remote/write.go,.go,0,,90,0.7644314756625072,239.0,9161.0,0.3320598187970746,0.794202522904253,0.08786610878661087,0.0,0.33621595354182593,2.0,55.0,4.0,812.0,65.0,29.0,4.0,2311.0765625,0.0,5.480638923341991,9.122819774446688,4.02535169073515,1.6094379124341003,6.70073110954781,4.189654742026425,0.014954627435517596,0.024927075853158044,0.027567503397981547,0.025976939680628235,0.025976939680628235,0.012612875962463951,0.025976939680628235,0.0,0.0
prometheus-prometheus::06b486b41e233eeb8c772fb18c04ed83567cd56f::storage/remote/write.go,prometheus-prometheus,control,pre,afab845e65a0d288580d9fe25b9614e72548551d,2023-10-13T14:33:09+00:00,discovery/azure/azure.go,.go,0,,90,0.7644314756625072,504.0,20914.0,0.26551592234866594,0.7568444268137106,0.1527777777777778,0.019967234483636354,0.32169673781542885,2.0,52.0,2.0,1527.0,29.0,32.0,2.0,2516.10875,35.28655092592592,6.22455842927536,9.948221883876299,3.970291913552122,1.0986122886681098,7.331714969726466,3.4011973816621555,0.027884050974740327,0.020846275697065056,0.02257821665254973,0.02197240191542285,0.02197240191542285,0.007037775277675271,0.02197240191542285,0.0,0.0
prometheus-prometheus::06b486b41e233eeb8c772fb18c04ed83567cd56f::storage/remote/write.go,prometheus-prometheus,control,post,bbdc7d5902cc9ecc7e23b9fb7e6dedaf1df64d8b,2023-10-14T03:39:31+00:00,discovery/azure/azure.go,.go,0,,90,0.7644314756625072,517.0,20812.0,0.25408418220257545,0.7559132470435941,0.16827852998065765,0.013955135239879369,0.32055712843787415,2.0,53.0,3.0,1892.0,394.0,32.0,3.0,2516.654837962963,0.0,6.249975242259483,9.943333070458252,3.9889840465642745,1.3862943611198906,7.545918151209323,5.978885764901122,0.028032171206778016,0.03339641627767341,0.03665755693022089,0.03430897255785177,0.03430897255785177,0.008625385723442871,0.03430897255785177,0.0,0.0
traefik-traefik::bf37869b8f6fd8315828f189d4a8e811d12dccae::tortuous.go,traefik-traefik,intervention,pre,8fcbd73edcb1e5d85be14bf7b755f267dab4c0d4,2015-09-02T19:13:25+00:00,tortuous.go,.go,0,,90,1.0913105635620932,157.0,4346.0,0.37022549470777727,0.8094821090820052,0.025477707006369428,0.0,0.34065435807179456,0.0,6.0,6.0,319.0,319.0,2.0,2.0,5.1278125,0.0,5.062595033026967,8.377241230988792,1.9459101490553132,1.9459101490553132,5.768320995793772,5.768320995793772,0.012542744178962336,0.016404929121381473,0.014833301559421554,0.01610017093914851,0.01610017093914851,0.003862184942419137,0.01610017093914851,0.0,0.0
traefik-traefik::bf37869b8f6fd8315828f189d4a8e811d12dccae::tortuous.go,traefik-traefik,intervention,post,bf37869b8f6fd8315828f189d4a8e811d12dccae,2015-09-07T08:38:58+00:00,tortuous.go,.go,0,,90,1.0913105635620932,166.0,4713.0,0.3613409717801825,0.7979587673351942,0.0963855421686747,0.0,0.3519367386674306,0.0,7.0,7.0,456.0,456.0,2.0,2.0,9.687222222222223,0.0,5.117993812416755,8.458292083496076,2.0794415416798357,2.0794415416798357,6.124683390894205,6.124683390894205,0.013268955048459138,0.018677965222769103,0.01632816367551698,0.018959183404888245,0.018959183404888245,0.005690228356429107,0.018959183404888245,0.0,0.0
traefik-traefik::bf37869b8f6fd8315828f189d4a8e811d12dccae::tortuous.go,traefik-traefik,control,pre,7d4675f54218e4616bf4844f8b8145667ed33df5,2015-09-11T16:55:38+00:00,docker.go,.go,0,,90,1.0913105635620932,143.0,4338.0,0.31673582295988933,0.8111977919275527,0.18181818181818182,0.0,0.3607251783142575,0.0,18.0,18.0,361.0,361.0,1.0,1.0,4.344907407407407,0.00537037037037037,4.969813299576001,8.37539918579835,2.9444389791664403,2.9444389791664403,5.8916442118257715,5.8916442118257715,0.012181531648738477,0.031181466289830147,0.02684197519943298,0.03297900374128043,0.03297900374128043,0.020797472092541958,0.03297900374128043,0.0,0.0
traefik-traefik::bf37869b8f6fd8315828f189d4a8e811d12dccae::tortuous.go,traefik-traefik,control,post,95557a8dba2f3fec257ea54d7be67f96d476897b,2015-09-11T17:25:49+00:00,docker.go,.go,0,,90,1.0913105635620932,152.0,4524.0,0.3121131741821397,0.8088459390879679,0.18421052631578946,0.0,0.3589220886468426,0.0,19.0,19.0,389.0,389.0,1.0,1.0,4.365868055555556,0.0,5.030437921392435,8.417372856134026,2.995732273553991,2.995732273553991,5.966146739123692,5.966146739123692,0.012664875012228481,0.032851636281579215,0.028476433424246356,0.03461539037506756,0.03461539037506756,0.021950515362839082,0.03461539037506756,0.0,0.0
traefik-traefik::26100231310ab3a780173a535dd4f4a99b9984fd::integration/https_test.go,traefik-traefik,intervention,pre,ff3481f06b3e5cffa751a0ba4b35da3a896deb54,2017-05-17T10:41:26+00:00,integration/https_test.go,.go,0,,90,1.6789639750827108,200.0,10016.0,0.159944089456869,0.7701665048092527,0.01,0.0,0.2512783141682344,1.0,5.0,2.0,285.0,162.0,5.0,2.0,532.5521875,184.10461805555556,5.303304908059076,9.212038928611765,1.791759469228055,1.0986122886681098,5.655991810819852,5.093750200806762,0.01729964074747842,0.013421521139114146,0.013227065843328735,0.011503801309300713,0.011503801309300713,0.005795839438177708,0.011503801309300713,0.0,0.0
traefik-traefik::26100231310ab3a780173a535dd4f4a99b9984fd::integration/https_test.go,traefik-traefik,intervention,post,26100231310ab3a780173a535dd4f4a99b9984fd,2017-05-18T20:34:15+00:00,integration/https_test.go,.go,0,,90,1.6789639750827108,211.0,11083.0,0.15636560498060093,0.7568726048190024,0.009478672985781991,0.0,0.24626314803250682,1.0,6.0,3.0,339.0,216.0,6.0,3.0,533.9638657407407,0.0,5.356586274672012,9.31325790598287,1.9459101490553132,1.3862943611198906,5.8289456176102075,5.37989735354046,0.018463467295989473,0.0168418254887908,0.016847489083299357,0.014373191956899378,0.014373191956899378,0.004090275339090095,0.014373191956899378,0.0,0.0
traefik-traefik::26100231310ab3a780173a535dd4f4a99b9984fd::integration/https_test.go,traefik-traefik,control,pre,cd28e7b24fd9573d03d2d5f20a6438d362ec450a,2017-07-20T21:42:43+00:00,middlewares/metrics.go,.go,0,,90,1.6789639750827108,44.0,2025.0,0.3980246913580247,0.8690030520401211,0.045454545454545456,0.0,0.3732810660403333,1.0,4.0,4.0,103.0,103.0,3.0,3.0,185.32114583333333,24.22309027777778,3.8066624897703196,7.613818684808629,1.6094379124341003,1.6094379124341003,4.6443908991413725,4.6443908991413725,0.005021713373394622,0.00911702724839509,0.007239207172151158,0.009914216955289172,0.009914216955289172,0.00489250358189455,0.009914216955289172,0.0,0.0
traefik-traefik::26100231310ab3a780173a535dd4f4a99b9984fd::integration/https_test.go,traefik-traefik,control,post,69c628b626a01e40dda33368534e1b8a59791bda,2017-07-20T22:26:43+00:00,middlewares/metrics.go,.go,0,,90,1.6789639750827108,79.0,3386.0,0.3334317779090372,0.8427042485203121,0.0379746835443038,0.0,0.33911046938158024,1.0,5.0,5.0,150.0,150.0,4.0,4.0,185.3517013888889,0.0,4.382026634673881,8.127699852817772,1.791759469228055,1.791759469228055,5.017279836814924,5.017279836814924,0.00770503278979808,0.013040294841054074,0.01139024178560123,0.01319950738441945,0.01319950738441945,0.00549447459462137,0.01319950738441945,0.0,0.0
traefik-traefik::2e84b1e556c21bb249d55f4665fa6e825d66bbc3::integration/https_test.go,traefik-traefik,intervention,pre,bbb133d94c0b71e409b8223c967bc8e9a3f459a5,2017-07-10T09:33:05+00:00,integration/https_test.go,.go,0,,90,1.786644368561284,244.0,12661.0,0.14935629097227707,0.7501839876364893,0.00819672131147541,0.0,0.2418238058339951,1.0,8.0,5.0,384.0,261.0,7.0,5.0,586.5047222222222,3.795046296296296,5.501258210544727,9.446360661104071,2.1972245773362196,1.791759469228055,5.953243334287785,5.568344503761097,0.020571001750492576,0.023760201712328365,0.024862828842583746,0.020127689718375252,0.020127689718375252,0.0047351391242084935,0.020127689718375252,0.0,0.0
traefik-traefik::2e84b1e556c21bb249d55f4665fa6e825d66bbc3::integration/https_test.go,traefik-traefik,intervention,post,2e84b1e556c21bb249d55f4665fa6e825d66bbc3,2017-07-10T12:58:31+00:00,integration/https_test.go,.go,0,,90,1.786644368561284,244.0,12675.0,0.1493491124260355,0.7497315960698143,0.00819672131147541,0.0,0.241735859752949,1.0,9.0,6.0,398.0,275.0,8.0,6.0,586.6473842592593,0.0,5.501258210544727,9.447465720810811,2.302585092994046,1.9459101490553132,5.988961416889864,5.62040086571715,0.02058196392826181,0.026920178534790503,0.028492716808128708,0.022770100774981983,0.022770100774981983,0.007910752879866898,0.022770100774981983,0.0,0.0
traefik-traefik::2e84b1e556c21bb249d55f4665fa6e825d66bbc3::integration/https_test.go,traefik-traefik,control,pre,89b0037ec10ce5cdaf73f7ee4993526c0bf42725,2017-08-25T19:10:03+00:00,configuration/configuration.go,.go,0,,90,1.786644368561284,324.0,18039.0,0.24480292699151837,0.808205571992661,0.08950617283950617,0.0,0.30805877309848284,1.0,1.0,1.0,429.0,429.0,1.0,1.0,0.20833333333333334,0.20833333333333334,5.783825182329737,9.800346793616615,0.6931471805599453,0.6931471805599453,6.063785208687608,6.063785208687608,0.026558235751354086,0.00994973607839589,0.009407429117210913,0.0101402788696133,0.0101402788696133,0.017150806634143173,0.0101402788696133,0.0,0.0
traefik-traefik::2e84b1e556c21bb249d55f4665fa6e825d66bbc3::integration/https_test.go,traefik-traefik,control,post,c8c31aea62e79a505e022c2d37b96d0bb8ae2bbd,2017-08-25T19:32:03+00:00,configuration/configuration.go,.go,0,,90,1.786644368561284,334.0,18454.0,0.2433076839709548,0.8073542986159318,0.09880239520958084,0.0,0.309635882390304,1.0,2.0,2.0,444.0,444.0,2.0,2.0,0.22361111111111112,0.0,5.814130531825066,9.8230906154641,1.0986122886681098,1.0986122886681098,6.09807428216624,6.09807428216624,0.027095058951417523,0.013841514590472457,0.013437518328538442,0.01418623173389321,0.01418623173389321,0.013657540622879081,0.01418623173389321,0.0,0.0
traefik-traefik::a09dfa3ce10f222ab6e10ac11386d330698ff6f8::integration/https_test.go,traefik-traefik,intervention,pre,d3ae88f108f927201fffc310c61cd31cdf5e8ea8,2018-10-30T11:34:00+00:00,integration/https_test.go,.go,1,CVE-2022-46153,90,0.497860583748702,623.0,31451.0,0.11325554036437634,0.7173784604334471,0.0032102728731942215,0.0,0.2191856876667449,1.0,24.0,13.0,1412.0,974.0,11.0,4.0,1063.5886921296296,42.216631944444444,6.436150368369428,10.356217853111406,3.2188758248682006,2.6390573296152584,7.253470382684528,6.882437470997847,0.04203790953923605,0.057464533597671494,0.06763424105542577,0.04843969756554587,0.04843969756554587,0.025596331516189723,0.9515603024344541,0.9515603024344541,3.027435603802577
traefik-traefik::a09dfa3ce10f222ab6e10ac11386d330698ff6f8::integration/https_test.go,traefik-traefik,intervention,post,a09dfa3ce10f222ab6e10ac11386d330698ff6f8,2018-11-14T09:18:03+00:00,integration/https_test.go,.go,1,CVE-2022-46153,90,0.497860583748702,623.0,31642.0,0.11339359079704191,0.7172529741813979,0.0032102728731942215,0.0,0.21916570325807525,1.0,25.0,12.0,1446.0,778.0,11.0,4.0,1078.4942824074074,0.0,6.436150368369428,10.36227223407451,3.258096538021482,2.5649493574615367,7.277247726631484,6.658011045870748,0.04215808655728043,0.05578324882726023,0.0657438017356354,0.047031406569570534,0.047031406569570534,0.023585715178354977,0.9529685934304295,0.9529685934304295,3.056939675550437
traefik-traefik::a09dfa3ce10f222ab6e10ac11386d330698ff6f8::integration/https_test.go,traefik-traefik,control,pre,07be89d6e937baf00df30a7f254d19531aa6d45e,2018-08-20T08:38:03+00:00,integration/consul_test.go,.go,0,,90,0.497860583748702,530.0,20818.0,0.15755596118743395,0.7154843102276593,0.016981132075471698,0.0,0.23712891381496679,1.0,34.0,12.0,1155.0,312.0,11.0,7.0,1056.589212962963,118.9888888888889,6.274762021241939,9.943621310275773,3.5553480614894135,2.5649493574615367,7.052721049232323,5.746203190540153,0.03295132964716703,0.05867246697821012,0.07024771327820716,0.04935892715344873,0.04935892715344873,0.037296383631040125,0.04935892715344873,0.0,0.0
traefik-traefik::a09dfa3ce10f222ab6e10ac11386d330698ff6f8::integration/https_test.go,traefik-traefik,control,post,a7bb768e98064610baaf37be95b9c873386752e1,2018-08-20T09:16:02+00:00,integration/consul_test.go,.go,0,,90,0.497860583748702,519.0,20192.0,0.15268423137876386,0.7182315649440763,0.017341040462427744,0.0,0.23624639355976124,1.0,35.0,13.0,1176.0,333.0,11.0,7.0,1056.6155902777778,0.0,6.253828811575473,9.913091288678823,3.58351893845611,2.6390573296152584,7.0707241072602764,5.811140992976701,0.032273100076908416,0.060148112151571814,0.07172811850538677,0.05046313209217048,0.05046313209217048,0.03945501842847835,0.05046313209217048,0.0,0.0
traefik-traefik::518a37e77673d84cf0e9e83067494bcfe25daf40::pkg/server/router/router_test.go,traefik-traefik,intervention,pre,b143101f8259e118761d4c0472cc167ef97fcf90,2019-06-03T22:46:05+00:00,pkg/server/router/router_test.go,.go,1,CVE-2022-46153,180,1.7961729285943635,810.0,21656.0,0.12024381233838197,0.7142433026043683,0.012345679012345678,0.0,0.22339856913278333,3.0,2.0,2.0,891.0,891.0,2.0,2.0,80.58613425925925,18.574988425925927,6.698268054115413,9.983084006807271,1.0986122886681098,1.0986122886681098,6.79346613258001,6.79346613258001,0.028010179812583566,0.013779486377474608,0.015977006243073404,0.011231245791869678,0.011231245791869678,0.016778934020713888,0.9887687542081304,0.9887687542081304,4.489055582112972
traefik-traefik::518a37e77673d84cf0e9e83067494bcfe25daf40::pkg/server/router/router_test.go,traefik-traefik,intervention,post,518a37e77673d84cf0e9e83067494bcfe25daf40,2019-06-05T20:18:06+00:00,pkg/server/router/router_test.go,.go,1,CVE-2022-46153,180,1.7961729285943635,771.0,20825.0,0.12278511404561825,0.7150752845105154,0.01297016861219196,0.0,0.22475085907899614,3.0,3.0,3.0,970.0,970.0,3.0,3.0,82.48336805555556,0.0,6.648984550024776,9.943957485089841,1.3862943611198906,1.3862943611198906,6.878326468291325,6.878326468291325,0.0270862037008471,0.017297100188790427,0.020214420161103714,0.014135608882428914,0.014135608882428914,0.012950594818418185,0.9858643911175711,0.9858643911175711,4.259058212540148
traefik-traefik::518a37e77673d84cf0e9e83067494bcfe25daf40::pkg/server/router/router_test.go,traefik-traefik,control,pre,1f39083555cb9a73896a972e26e388f116abeb97,2019-10-29T11:58:05+00:00,pkg/config/dynamic/middlewares.go,.go,0,,180,1.7961729285943635,313.0,23787.0,0.21129188212048597,0.7276878477709945,0.16293929712460065,0.0,0.29251847538184217,3.0,6.0,6.0,596.0,596.0,5.0,5.0,111.18890046296296,33.12359953703704,5.749392985908253,10.076936530826485,1.9459101490553132,1.9459101490553132,6.391917113392602,6.391917113392602,0.022012357143724934,0.026823720676323617,0.02762538538341337,0.02829845355574933,0.02829845355574933,0.006286096412024395,0.02829845355574933,0.0,0.0
traefik-traefik::518a37e77673d84cf0e9e83067494bcfe25daf40::pkg/server/router/router_test.go,traefik-traefik,control,post,3410541a2fd455ade406a5670ffeffb7b93f7d3f,2019-10-31T10:36:05+00:00,pkg/config/dynamic/middlewares.go,.go,0,,180,1.7961729285943635,315.0,23950.0,0.2106471816283925,0.7270195132051632,0.1619047619047619,0.0,0.2919095656459573,3.0,7.0,7.0,600.0,600.0,5.0,5.0,113.13195601851852,0.0,5.755742213586912,10.083765355620846,2.0794415416798357,2.0794415416798357,6.398594934535208,6.398594934535208,0.022127263660919095,0.029442853649813527,0.030523880411881817,0.03108176651277433,0.03108176651277433,0.008954502851855235,0.03108176651277433,0.0,0.0
traefik-traefik::fadee5e87b2cb52855977b42d1590acc9044d65d::pkg/server/router/router.go,traefik-traefik,intervention,pre,67d9c8da0b5fb8c1114a8dd9fbe14a5f6d2db201,2022-11-15T09:56:08+00:00,pkg/server/router/router.go,.go,1,CVE-2022-46153,180,0.8142060646029758,156.0,6182.0,0.2541248786800388,0.8120835198654727,0.1346153846153846,0.0,0.3265242893683541,3.0,21.0,1.0,544.0,10.0,8.0,1.0,1341.0514467592593,242.70416666666668,5.056245805348308,8.729558869558568,3.091042453358316,0.6931471805599453,6.300785794663244,2.3978952727983707,0.00927257771275674,0.009699729594559076,0.009339186132512223,0.010085451663870154,0.010085451663870154,0.0008128739511134141,0.9899145483361298,0.9899145483361298,4.596661322870319
traefik-traefik::fadee5e87b2cb52855977b42d1590acc9044d65d::pkg/server/router/router.go,traefik-traefik,intervention,post,fadee5e87b2cb52855977b42d1590acc9044d65d,2022-11-16T10:38:07+00:00,pkg/server/router/router.go,.go,1,CVE-2022-46153,180,0.8142060646029758,156.0,6201.0,0.25366876310272535,0.812111394157445,0.1346153846153846,0.0,0.3263500277577669,3.0,22.0,2.0,546.0,12.0,8.0,2.0,1342.080601851852,0.0,5.056245805348308,8.732627099660395,3.1354942159291497,1.0986122886681098,6.304448802421981,2.5649493574615367,0.009286462330791348,0.01154578344740914,0.011206875473538585,0.012055513320195404,0.012055513320195404,0.0027690509894040555,0.9879444866798046,0.9879444866798046,4.4182331867379085
traefik-traefik::fadee5e87b2cb52855977b42d1590acc9044d65d::pkg/server/router/router.go,traefik-traefik,control,pre,cdda9a18ab8f61d372852ce5f00570a77f8bd13a,2022-07-18T09:10:08+00:00,pkg/provider/docker/config.go,.go,0,,180,0.8142060646029758,338.0,12102.0,0.21723682036027103,0.7791852936989995,0.17751479289940827,0.0,0.3144752475075868,3.0,22.0,1.0,601.0,33.0,7.0,1.0,1221.0195023148149,12.031944444444445,5.82600010738045,9.401208634738603,3.1354942159291497,0.6931471805599453,6.400257445308821,3.5263605246161616,0.016257223707866496,0.014980916512977347,0.016029611054988353,0.015262895103864995,0.015262895103864995,0.001276307194889149,0.015262895103864995,0.0,0.0
traefik-traefik::fadee5e87b2cb52855977b42d1590acc9044d65d::pkg/server/router/router.go,traefik-traefik,control,post,f85f3b68aaf660e26296e99d97f134950d1e1cb8,2022-07-19T14:22:08+00:00,pkg/provider/docker/config.go,.go,0,,180,0.8142060646029758,341.0,12199.0,0.21608328551520617,0.7787263442432092,0.17595307917888564,0.0,0.3135052248748422,3.0,23.0,2.0,604.0,36.0,8.0,2.0,1222.2361689814816,0.0,5.834810737062605,9.409191230721348,3.1780538303479458,1.0986122886681098,6.405228458030842,3.6109179126442243,0.016363964510970705,0.01746984566912676,0.018895766110601595,0.01784941839330948,0.01784941839330948,0.0025318015996308903,0.01784941839330948,0.0,0.0
traefik-traefik::fadee5e87b2cb52855977b42d1590acc9044d65d::pkg/server/router/router_test.go,traefik-traefik,intervention,pre,67d9c8da0b5fb8c1114a8dd9fbe14a5f6d2db201,2022-11-15T09:56:08+00:00,pkg/server/router/router_test.go,.go,1,CVE-2022-46153,180,3.885230488431571,846.0,24309.0,0.12168332716277921,0.716235041270389,0.01182033096926714,0.0,0.22416147013904794,3.0,0.0,0.0,0.0,0.0,0.0,0.0,,,6.741700694652055,10.098643067310169,0.0,0.0,0.0,0.0,0.029989203615641113,0.0035964235103873874,0.006017208722500745,0.0030331022457651623,0.0030331022457651623,0.026956101369875952,0.9969668977542349,0.9969668977542349,5.798169339744274
traefik-traefik::fadee5e87b2cb52855977b42d1590acc9044d65d::pkg/server/router/router_test.go,traefik-traefik,intervention,post,fadee5e87b2cb52855977b42d1590acc9044d65d,2022-11-16T10:38:07+00:00,pkg/server/router/router_test.go,.go,1,CVE-2022-46153,180,3.885230488431571,848.0,24392.0,0.12282715644473598,0.7154975925797367,0.01179245283018868,0.0,0.2243385002012842,3.0,0.0,0.0,0.0,0.0,0.0,0.0,,,6.744059186311348,10.102051484875947,0.0,0.0,0.0,0.0,0.030059295720202914,0.0036004575487705408,0.006026488735541556,0.00303854236930164,0.00303854236930164,0.027020753350901275,0.9969614576306983,0.9969614576306983,5.796377362335469
traefik-traefik::fadee5e87b2cb52855977b42d1590acc9044d65d::pkg/server/router/router_test.go,traefik-traefik,control,pre,bbe6a5c07b887297afe3baa03f9509be10fc67b3,2023-03-14T13:58:06+00:00,pkg/server/service/service_test.go,.go,0,,180,3.885230488431571,434.0,11224.0,0.20304704205274413,0.7492428316900076,0.02304147465437788,0.0,0.26387768148037055,3.0,24.0,2.0,771.0,85.0,10.0,2.0,1460.2194791666666,13.911122685185186,6.075346031088684,9.325898712610455,3.2188758248682006,1.0986122886681098,6.648984550024776,4.454347296253507,0.01690959119814246,0.018714781977269182,0.022112283194128567,0.016318931241494,0.016318931241494,0.005793351952634567,0.016318931241494,0.0,0.0
traefik-traefik::fadee5e87b2cb52855977b42d1590acc9044d65d::pkg/server/router/router_test.go,traefik-traefik,control,post,4aa349609276a5c2d599030d37010d7751bdf477,2023-03-17T15:46:06+00:00,pkg/server/service/service_test.go,.go,0,,180,3.885230488431571,508.0,13912.0,0.21312535940195515,0.7513763604215485,0.01968503937007874,0.0,0.26691476532072644,3.0,25.0,3.0,864.0,178.0,10.0,2.0,1463.2944791666666,0.0,6.2324480165505225,9.540578933841877,3.258096538021482,1.3862943611198906,6.762729506931879,5.187385805840755,0.01967404410031154,0.023804660871659663,0.028713794821367992,0.02122865492173729,0.02122865492173729,0.009039750721056453,0.02122865492173729,0.0,0.0
traefik-traefik::fadee5e87b2cb52855977b42d1590acc9044d65d::pkg/server/routerfactory.go,traefik-traefik,intervention,pre,67d9c8da0b5fb8c1114a8dd9fbe14a5f6d2db201,2022-11-15T09:56:08+00:00,pkg/server/routerfactory.go,.go,1,CVE-2022-46153,365,0.8731185600089465,70.0,3370.0,0.3002967359050445,0.8089260997699967,0.05714285714285714,0.0,0.3237674865081343,2.0,0.0,0.0,0.0,0.0,0.0,0.0,,,4.2626798770413155,8.12296471523406,0.0,0.0,0.0,0.0,0.006328657982736762,0.0018783088049253926,0.0019953676913792994,0.001909566794572007,0.001909566794572007,0.00445034917781137,0.998090433205428,0.998090433205428,6.260878871773282
traefik-traefik::fadee5e87b2cb52855977b42d1590acc9044d65d::pkg/server/routerfactory.go,traefik-traefik,intervention,post,fadee5e87b2cb52855977b42d1590acc9044d65d,2022-11-16T10:38:07+00:00,pkg/server/routerfactory.go,.go,1,CVE-2022-46153,365,0.8731185600089465,75.0,3518.0,0.30216031836270607,0.8106825310522713,0.06666666666666667,0.0,0.32708317776970036,2.0,0.0,0.0,0.0,0.0,0.0,0.0,,,4.330733340286331,8.165932137321585,0.0,0.0,0.0,0.0,0.006599552957363808,0.0019087122479511287,0.0020427322892158646,0.0019562510249139155,0.0019562510249139155,0.00469084070941268,0.9980437489750861,0.9980437489750861,6.236725379758291
traefik-traefik::fadee5e87b2cb52855977b42d1590acc9044d65d::pkg/server/routerfactory.go,traefik-traefik,control,pre,6bcfba43c879df414ba6476d12d3b46f59d30730,2022-02-10T15:00:09+00:00,pkg/server/server_entrypoint_tcp_http3_test.go,.go,0,,365,0.8731185600089465,84.0,3841.0,0.5464722728456132,0.7894078746421762,0.011904761904761904,0.0,0.39338552267053645,2.0,1.0,1.0,105.0,105.0,1.0,1.0,153.08467592592592,153.08467592592592,4.442651256490317,8.253748343328501,0.6931471805599453,0.6931471805599453,4.663439094112067,4.663439094112067,0.007129845258672259,0.005256093616431418,0.004532208469363574,0.006265930831019284,0.006265930831019284,0.0025976367893086848,0.006265930831019284,0.0,0.0
traefik-traefik::fadee5e87b2cb52855977b42d1590acc9044d65d::pkg/server/routerfactory.go,traefik-traefik,control,post,e97aa6515b45c61e5ea7580f8f12640ffcc0ed87,2022-02-14T13:08:07+00:00,pkg/server/server_entrypoint_tcp_http3_test.go,.go,0,,365,0.8731185600089465,103.0,5060.0,0.6250988142292491,0.7863733402603414,0.009708737864077669,0.0,0.419396013602251,2.0,2.0,2.0,174.0,174.0,2.0,2.0,157.006875,0.0,4.6443908991413725,8.529319371214077,1.0986122886681098,1.0986122886681098,5.1647859739235145,5.1647859739235145,0.008677516110953647,0.008082117665151415,0.00720718820736866,0.010446724449178,0.010446724449178,0.0032395362418093394,0.010446724449178,0.0,0.0
traefik-traefik::466d7461b76fc1a292591b450e4bfd3e0c96cc3f::pkg/config/static/static_config.go,traefik-traefik,intervention,pre,2cebd0a083a9c9d0807d20aa885046f9660d55f8,2023-04-26T09:44:44+00:00,pkg/config/static/static_config.go,.go,1,CVE-2024-28869,730,1.251927197447972,265.0,25586.0,0.222817165637458,0.7563515871202259,0.08679245283018867,0.0,0.28619117948133715,3.0,77.0,19.0,1755.0,348.0,26.0,10.0,1503.0435300925926,23.06849537037037,5.583496308781699,10.14983968898722,4.356708826689592,2.995732273553991,7.470793774195062,5.855071922202427,0.02168333929384348,0.08165037618567106,0.09445124531133967,0.08536573174602559,0.08536573174602559,0.07276790601749619,0.9146342682539744,0.9146342682539744,2.4608105263279456
traefik-traefik::466d7461b76fc1a292591b450e4bfd3e0c96cc3f::pkg/config/static/static_config.go,traefik-traefik,intervention,post,466d7461b76fc1a292591b450e4bfd3e0c96cc3f,2023-05-10T13:28:05+00:00,pkg/config/static/static_config.go,.go,1,CVE-2024-28869,730,1.251927197447972,271.0,25967.0,0.22112681480340432,0.755466423250157,0.08487084870848709,0.0,0.2848368885600003,3.0,78.0,20.0,1784.0,377.0,26.0,10.0,1517.1986342592593,0.0,5.605802066295998,10.164620289754373,4.3694478524670215,3.044522437723423,7.487173694213739,5.934894195619588,0.021985987999996598,0.08395731472403327,0.09742631666246857,0.08753801418873232,0.08753801418873232,0.07544032866247197,0.9124619858112677,0.9124619858112677,2.4356821320924937
traefik-traefik::466d7461b76fc1a292591b450e4bfd3e0c96cc3f::pkg/config/static/static_config.go,traefik-traefik,control,pre,56f845c71affaebbf77290f6145480731af4192f,2021-05-20T09:50:12+00:00,pkg/config/dynamic/middlewares.go,.go,0,,730,1.251927197447972,321.0,27823.0,0.20731049850842828,0.7157435648801387,0.16199376947040497,0.0,0.28790885706341734,3.0,26.0,11.0,942.0,254.0,15.0,10.0,680.1000925925925,76.61260416666667,5.7745515455444085,10.233654236594065,3.295836866004329,2.4849066497880004,6.849066282633458,5.541263545158426,0.02391661229254192,0.0556879732920785,0.06296159354878546,0.05819821968942123,0.05819821968942123,0.03904498125624353,0.05819821968942123,0.0,0.0
traefik-traefik::466d7461b76fc1a292591b450e4bfd3e0c96cc3f::pkg/config/static/static_config.go,traefik-traefik,control,post,5632ee637869a544857c60fadccb74401c195773,2021-05-28T06:50:09+00:00,pkg/config/dynamic/middlewares.go,.go,0,,730,1.251927197447972,321.0,27797.0,0.2084037845810699,0.7165625716649664,0.16199376947040497,0.0,0.2885595922929925,3.0,27.0,12.0,988.0,300.0,16.0,11.0,687.9750578703704,0.0,5.7745515455444085,10.232719354644704,3.332204510175204,2.5649493574615367,6.8966943316227125,5.707110264748875,0.023905871961879245,0.06081606190517992,0.06924161064830066,0.06338337722176662,0.06338337722176662,0.04533573868642141,0.06338337722176662,0.0,0.0
