intervention_id,repo,absolute_error_control_post,absolute_error_control_pre,absolute_error_intervention_post,absolute_error_intervention_pre,composite_score_control_post,composite_score_control_pre,composite_score_intervention_post,composite_score_intervention_pre,positive_log_loss_control_post,positive_log_loss_control_pre,positive_log_loss_intervention_post,positive_log_loss_intervention_pre,score_range_control_post,score_range_control_pre,score_range_intervention_post,score_range_intervention_pre,underprediction_loss_control_post,underprediction_loss_control_pre,underprediction_loss_intervention_post,underprediction_loss_intervention_pre,delta_composite_score_intervention,delta_composite_score_control,did_composite_score,delta_score_range_intervention,delta_score_range_control,did_score_range,delta_absolute_error_intervention,delta_absolute_error_control,did_absolute_error,delta_underprediction_loss_intervention,delta_underprediction_loss_control,did_underprediction_loss,delta_positive_log_loss_intervention,delta_positive_log_loss_control,did_positive_log_loss
django-django::1557778121e5d04a80f1f7c81eeb4b47400939e4::django/core/management/commands/loaddata.py,django-django,0.0669406937543026,0.06353305883173788,0.02759943058797728,0.025872321179744133,0.272560065407979,0.2725666587666301,0.34654114979295997,0.34520154517731466,0.0,0.0,0.0,0.0,0.027523213304872646,0.025262692715580834,0.01313277738416366,0.011522563391957898,0.0,0.0,0.0,0.0,0.0013396046156453068,-6.5933586511079945e-06,0.0013461979742964147,0.0016102139922057612,0.0022605205892918118,-0.0006503065970860505,0.0017271094082331462,0.0034076349225647257,-0.0016805255143315795,0.0,0.0,0.0,0.0,0.0,0.0
django-django::23984cf907168d2a26579e54bf53d5d222431f01::django/utils/html.py,django-django,0.06112332527626319,0.059868764607802244,0.9118841611510624,0.9168538312604444,0.3400446766525695,0.3379265917508213,0.32239509191237925,0.32160690509003775,0.0,0.0,2.4291029795776495,2.487155150898374,0.04685492479728393,0.04574660300961835,0.0931402664959962,0.08602135076763576,0.0,0.0,0.9118841611510624,0.9168538312604444,0.0007881868223414967,0.002118084901748196,-0.0013298980794066995,0.007118915728360445,0.001108321787665581,0.006010593940694864,-0.004969670109381985,0.001254560668460948,-0.006224230777842933,-0.004969670109381985,0.0,-0.004969670109381985,-0.058052171320724266,0.0,-0.058052171320724266
django-django::3f76d1402dac9c2993d588f996dc1c331edbc9a7::django/db/backends/base/schema.py,django-django,0.014957146210960476,0.013153144343347583,0.07238351524428525,0.06941200662208273,0.31164706157612804,0.3112321291525853,0.3079304145808899,0.30855516215518813,0.0,0.0,0.0,0.0,0.007632570932599951,0.005798410004159863,0.03654166856500902,0.033707055274880084,0.0,0.0,0.0,0.0,-0.0006247475742982567,0.0004149324235427354,-0.001039679997840992,0.0028346132901289345,0.0018341609284400883,0.0010004523616888462,0.0029715086222025233,0.0018040018676128925,0.0011675067545896308,0.0,0.0,0.0,0.0,0.0,0.0
fastapi-fastapi::0ac9b3ee5ce85b9ebc23698f8515e07017d9b9aa::fastapi/__init__.py,fastapi-fastapi,0.02559507207176605,0.023494045943159673,0.9544436589905005,0.9549832800696038,0.30714072390322744,0.30775037219574314,0.43512712548392085,0.46864076141024325,0.0,0.0,3.0888054550967,3.1007213042121102,0.004235832435021191,0.0021664348919611873,0.04337931397462612,0.043184639792623096,0.0,0.0,0.9544436589905005,0.9549832800696038,-0.033513635926322394,-0.0006096482925156965,-0.0329039876338067,0.0001946741820030226,0.002069397543060004,-0.0018747233610569812,-0.0005396210791032141,0.002101026128606378,-0.002640647207709592,-0.0005396210791032141,0.0,-0.0005396210791032141,-0.011915849115410104,0.0,-0.011915849115410104
fastapi-fastapi::1f01ce9615fe83ea5235820266e3a78ae8768847::docs_src/additional_responses/tutorial002.py,fastapi-fastapi,0.10206671526902744,0.0967365483179784,0.0047169508715685215,0.003471819334692099,0.30311423175681756,0.3031172532556619,0.46211848088736546,0.4667786448948081,0.0,0.0,0.0,0.0,0.06936066608337915,0.06265781780051956,0.0027276263818444943,0.0015692237734084348,0.0,0.0,0.0,0.0,-0.004660164007442624,-3.0214988443466595e-06,-0.004657142508598278,0.0011584026084360596,0.006702848282859594,-0.005544445674423535,0.0012451315368764227,0.005330166951049042,-0.00408503541417262,0.0,0.0,0.0,0.0,0.0,0.0
fastapi-fastapi::3063ad83ec006a41f2ed8f4168d5d6efbddbee6b::fastapi/encoders.py,fastapi-fastapi,0.038911627142473315,0.036387379241572294,0.034836164052253475,0.03372525385594542,0.3055646996220514,0.304161507667026,0.32800732302416086,0.3288255218510383,0.0,0.0,0.0,0.0,0.014966816277304305,0.013461840874843804,0.022943327591361307,0.02149830783739029,0.0,0.0,0.0,0.0,-0.0008181988268774476,0.001403191955025418,-0.0022213907819028655,0.0014450197539710163,0.001504975402460501,-5.995564848948476e-05,0.0011109101963080528,0.0025242479009010207,-0.001413337704592968,0.0,0.0,0.0,0.0,0.0,0.0
fastapi-fastapi::35d93d59d82f2b2073d492ac335553f1d7c3cc55::.github/actions/people/app/main.py,fastapi-fastapi,0.0034179234806587817,0.0018373485739535912,0.023878204970457367,0.022077728702782816,0.37291882237684354,0.3720966755407726,0.26235869575648885,0.26208464326967573,0.0,0.0,0.0,0.0,0.000864812164225094,0.002103939607941239,0.00992539008760629,0.00779819011881893,0.0,0.0,0.0,0.0,0.00027405248681311445,0.0008221468360709583,-0.0005480943492578438,0.002127199968787359,-0.001239127443716145,0.003366327412503504,0.0018004762676745514,0.0015805749067051905,0.00021990136096936095,0.0,0.0,0.0,0.0,0.0,0.0
fastapi-fastapi::510fec9bee23a9c31157090a2081f2038f7ae5cf::fastapi/encoders.py,fastapi-fastapi,0.01660668196616027,0.014606401468226926,0.008908722551741218,0.007779253777662837,0.22747200410910576,0.22751985054646,0.367833594534613,0.319588898376948,0.0,0.0,0.0,0.0,0.008215577074305699,0.010216719837656518,0.00380948004061452,0.0013407448582385068,0.0,0.0,0.0,0.0,0.048244696157665024,-4.78464373542542e-05,0.04829254259501928,0.0024687351823760133,-0.002001142763350819,0.0044698779457268325,0.001129468774078381,0.0020002804979333457,-0.0008708117238549647,0.0,0.0,0.0,0.0,0.0,0.0
fastapi-fastapi::83d04df8a6f87abe2b849a510b4c0e36170e653e::fastapi/encoders.py,fastapi-fastapi,0.09278049212359059,0.09097465541381754,0.028147606629510095,0.025665472737008012,0.21823170550522553,0.21832493244370219,0.3210988969455106,0.3037709094884632,0.0,0.0,0.0,0.0,0.09823583391508256,0.0956625574783448,0.018505450070660685,0.01717504655037237,0.0,0.0,0.0,0.0,0.01732798745704739,-9.32269384766593e-05,0.01742121439552405,0.0013304035202883167,0.0025732764367377564,-0.0012428729164494397,0.0024821338925020836,0.001805836709773051,0.0006762971827290326,0.0,0.0,0.0,0.0,0.0,0.0
fastapi-fastapi::addfa89b0f750abc193f62be8e457fc487b842ee::fastapi/applications.py,fastapi-fastapi,0.01126741967649781,0.01012913951426025,0.011974738852863147,0.00969396041756046,0.4726476352868563,0.47252312887238485,0.22338346922048724,0.22230094744150894,0.0,0.0,0.0,0.0,0.008131340368896393,0.006978961037476809,0.011879785795572528,0.013964143842667868,0.0,0.0,0.0,0.0,0.0010825217789783015,0.00012450641447148136,0.0009580153645068201,-0.0020843580470953395,0.0011523793314195847,-0.003236737378514924,0.002280778435302687,0.0011382801622375604,0.0011424982730651265,0.0,0.0,0.0,0.0,0.0,0.0
fastapi-fastapi::bd407cc4ed81b21e4287735b7d31a30a452e3a9d::fastapi/dependencies/utils.py,fastapi-fastapi,0.011900867026737344,0.009907056704957796,0.06117348145560977,0.059125109695592454,0.32048271373052756,0.3202187837508072,0.300307578765645,0.2951845217531387,0.0,0.0,0.0,0.0,0.0017814871791229595,0.00042930544003968486,0.03968342927669305,0.03882317452447758,0.0,0.0,0.0,0.0,0.005123057012506316,0.0002639299797203565,0.004859127032785959,0.0008602547522154683,0.0013521817390832747,-0.0004919269868678064,0.002048371760017313,0.001993810321779548,5.456143823776537e-05,0.0,0.0,0.0,0.0,0.0,0.0
fastapi-fastapi::c8124496fc34c024e411f293d3893219005d409f::fastapi/dependencies/utils.py,fastapi-fastapi,0.007779467825473501,0.006225850037553297,0.052126934626819076,0.04843322205435075,0.34995375820125973,0.3517004128012014,0.2991814720745866,0.29930745439394163,0.0,0.0,0.0,0.0,0.001670670931606986,0.0010859983587158603,0.020275447669826023,0.015756460708739768,0.0,0.0,0.0,0.0,-0.00012598231935501136,-0.001746654599941666,0.0016206722805866547,0.004518986961086255,0.0005846725728911257,0.003934314388195129,0.0036937125724683245,0.001553617787920204,0.0021400947845481204,0.0,0.0,0.0,0.0,0.0,0.0
fastapi-fastapi::e26f94018c1a0c2be1c683247749edac2f607951::fastapi/routing.py,fastapi-fastapi,0.011805369151664332,0.01019768455520239,0.1907611486360252,0.18880192563742423,0.3776031033328607,0.3773797823235787,0.23579759294034539,0.23577063026944103,0.0,0.0,0.0,0.0,0.00828423574409388,0.006775707912422785,0.203484431035214,0.20144210743142676,0.0,0.0,0.0,0.0,2.6962670904351338e-05,0.00022332100928196263,-0.0001963583383776113,0.002042323603787227,0.0015085278316710948,0.0005337957721161324,0.0019592229986009624,0.0016076845964619422,0.0003515384021390202,0.0,0.0,0.0,0.0,0.0,0.0
pallets-flask::0edf0a0e3a8b0f3e8309822044631fe7864d3066::flask/json.py,pallets-flask,0.04371563075550429,0.040257032725285656,0.024112860442501,0.021558180077759125,0.34523096225092087,0.34515663183471695,0.34993006878057276,0.34935870874032104,0.0,0.0,0.0,0.0,0.016343159025338748,0.012886881220909703,0.0069111593613665895,0.004222859962676441,0.0,0.0,0.0,0.0,0.0005713600402517116,7.4330416203916e-05,0.0004970296240477956,0.0026882993986901485,0.003456277804429045,-0.0007679784057388964,0.0025546803647418757,0.0034585980302186334,-0.0009039176654767576,0.0,0.0,0.0,0.0,0.0,0.0
pallets-flask::3569fc24415f8bac7b269ec041bd1f6bc23038ce::flask/cli.py,pallets-flask,0.0418500661725108,0.04049615945660772,0.03901924449144967,0.03614100163938761,0.35695814301158457,0.3567610016094567,0.34453276076214817,0.3471478567403055,0.0,0.0,0.0,0.0,0.027513533164288805,0.02618913641778387,0.012957178487191849,0.010975044816513343,0.0,0.0,0.0,0.0,-0.0026150959781573446,0.00019714140212789832,-0.002812237380285243,0.0019821336706785063,0.0013243967465049362,0.00065773692417357,0.002878242852062056,0.0013539067159030818,0.0015243361361589741,0.0,0.0,0.0,0.0,0.0,0.0
pallets-flask::4532e89efe9ef1161d4cdbd12687dac0c19c49b7::flask/cli.py,pallets-flask,0.03633473179713781,0.030156132423345597,0.029248935486014455,0.026212123141633653,0.34731639318620106,0.34615187599379343,0.34538461387535874,0.34716444578857464,0.0,0.0,0.0,0.0,0.01302121709668981,0.0066946328536347036,0.006576938981476016,0.004816433663105808,0.0,0.0,0.0,0.0,-0.0017798319132159013,0.0011645171924076214,-0.0029443491056235227,0.0017605053183702077,0.006326584243055107,-0.004566078924684899,0.0030368123443808015,0.006178599373792212,-0.003141787029411411,0.0,0.0,0.0,0.0,0.0,0.0
pallets-flask::48c2925664e154711e97385cc197be8bbb59572d::flask/cli.py,pallets-flask,0.12083508009171248,0.1308745622928165,0.13601657745045745,0.13168817942922076,0.33368242470250964,0.33396535399940536,0.34580593858632896,0.3457543725676889,0.0,0.0,0.0,0.0,0.07916730545503843,0.09297936697825873,0.1000473508811826,0.09584836988635578,0.0,0.0,0.0,0.0,5.156601864009236e-05,-0.00028292929689571755,0.0003344953155358099,0.004198980994826823,-0.013812061523220301,0.018011042518047124,0.00432839802123669,-0.01003948220110401,0.014367880222340701,0.0,0.0,0.0,0.0,0.0,0.0
pallets-flask::5e1ced3c055f7eb567bf7266c98de3d44ceea1b4::flask/sessions.py,pallets-flask,0.006802232515879447,0.004231847352355019,0.056381701667855236,0.0577304052088642,0.3900509311768705,0.3905507213679052,0.3427412033769755,0.3324560592288652,0.0,0.0,0.0,0.0,0.0016000293389702392,0.0034719636808796584,0.0337309530625053,0.029231318281802754,0.0,0.0,0.0,0.0,0.010285144148110326,-0.000499790191034688,0.010784934339145014,0.004499634780702547,-0.0018719343419094192,0.006371569122611966,-0.0013487035410089665,0.002570385163524428,-0.0039190887045333946,0.0,0.0,0.0,0.0,0.0,0.0
pallets-flask::61d5e6a4d4058accec957901be4d1efe2f3f71fa::scripts/flaskext_migrate.py,pallets-flask,0.22129818147744693,0.21965329517006438,0.00853823627655709,0.007301554601585636,0.30565663626736983,0.305695450635769,0.39374993229397587,0.3914391771168001,0.0,0.0,0.0,0.0,0.13611220374080502,0.13458837305920016,0.004660272596961865,0.0033489303964999214,0.0,0.0,0.0,0.0,0.0023107551771757717,-3.881436839914265e-05,0.0023495695455749144,0.001311342200461944,0.0015238306816048597,-0.0002124884811429157,0.0012366816749714545,0.0016448863073825482,-0.00040820463241109366,0.0,0.0,0.0,0.0,0.0,0.0
pallets-flask::64206c13c2bff0220328845db0995f451cefd3b1::src/flask/app.py,pallets-flask,0.06462037287775495,0.061960746312076084,0.09889305138239207,0.09638926038255526,0.30915978391804005,0.30881655645276895,0.30986746079196537,0.3102587834639216,0.0,0.0,0.0,0.0,0.026873914489885527,0.02425423406783605,0.02459397593432236,0.021986254499197957,0.0,0.0,0.0,0.0,-0.00039132267195624015,0.00034322746527110093,-0.0007345501372273411,0.002607721435124402,0.002619680422049478,-1.1958986925075799e-05,0.0025037909998368163,0.002659626565678863,-0.00015583556584204683,0.0,0.0,0.0,0.0,0.0,0.0
pallets-flask::7c0b36f1467d2d8ea5fdc572d5edfce476a6eb89::flask/cli.py,pallets-flask,0.1435753854028274,0.14210274990024535,0.14218093879791915,0.13601494472585582,0.3340088058234668,0.3342320251194338,0.3457567931303659,0.34580593858632896,0.0,0.0,0.0,0.0,0.10339475901627068,0.10394757466966148,0.10622230012722317,0.10004571815658098,0.0,0.0,0.0,0.0,-4.914545596307329e-05,-0.00022321929596696988,0.00017407384000389658,0.006176581970642192,-0.000552815653390798,0.00672939762403299,0.0061659940720633355,0.0014726355025820592,0.004693358569481276,0.0,0.0,0.0,0.0,0.0,0.0
pallets-flask::7f87f3dd93baf45d5f69f02a2dcf4493dfc4a1be::src/flask/app.py,pallets-flask,0.034514229568007496,0.03268964449683421,0.11130951364434938,0.10892868433683126,0.3162718643251837,0.31722658938497916,0.31151336858617773,0.3118138326542354,0.0,0.0,0.0,0.0,0.010437760673112875,0.00863617183880623,0.03611175914387252,0.03370064526180021,0.0,0.0,0.0,0.0,-0.0003004640680576709,-0.000954725059795436,0.0006542609917377651,0.0024111138820723105,0.0018015888343066444,0.0006095250477656661,0.002380829307518123,0.0018245850711732861,0.0005562442363448369,0.0,0.0,0.0,0.0,0.0,0.0
pallets-flask::81576c236a4dde33aeed13c84abed0ad2e796c2f::flask/cli.py,pallets-flask,0.023546529507320113,0.02096432152723183,0.03614100163938761,0.03164679577001714,0.38517040686400233,0.38506763520988935,0.3471478567403055,0.3450901798557164,0.0,0.0,0.0,0.0,0.011708813093438396,0.009132340625527044,0.010975044816513343,0.008876663852741863,0.0,0.0,0.0,0.0,0.0020576768845891324,0.0001027716541129875,0.001954905230476145,0.0020983809637714797,0.002576472467911352,-0.00047809150413987214,0.0044942058693704726,0.0025822079800882844,0.0019119978892821882,0.0,0.0,0.0,0.0,0.0,0.0
pallets-flask::932f7d7cbb5a4e04fd0922c3272a6e32d408abe8::flask/app.py,pallets-flask,0.028454140255379474,0.028434957102856297,0.1604320874697206,0.15791176246910188,0.3530620196106961,0.35892035646992937,0.3075750561824018,0.3075237411848853,0.0,0.0,0.0,0.0,0.018652674360244377,0.01795370497086689,0.07496269869358578,0.07244525923543636,0.0,0.0,0.0,0.0,5.131499751648283e-05,-0.00585833685923326,0.0059096518567497425,0.0025174394581494175,0.0006989693893774858,0.0018184700687719317,0.0025203250006187172,1.918315252317712e-05,0.00250114184809554,0.0,0.0,0.0,0.0,0.0,0.0
pallets-flask::b146a13f633b0e2e26e3b8383b3db0feb563bc83::src/flask/app.py,pallets-flask,0.01794548426485789,0.015328345032860137,0.08818145532129155,0.07906640303074514,0.3369591334596806,0.3374616586495178,0.3102950263777873,0.30659866546837217,0.0,0.0,0.0,0.0,0.004799600066664253,0.007181902974763168,0.018220006208787082,0.021556294274350227,0.0,0.0,0.0,0.0,0.0036963609094151084,-0.0005025251898372329,0.004198886099252341,-0.003336288065563145,-0.002382302908098915,-0.0009539851574642301,0.009115052290546419,0.0026171392319977536,0.006497913058548665,0.0,0.0,0.0,0.0,0.0,0.0
pallets-flask::bdf31cd423a295de2f6956b2e8da1d8f26c91858::flask/helpers.py,pallets-flask,0.13649810768102244,0.1349831546684887,0.1436529684152067,0.1409717683757796,0.31616676433444924,0.31601414566523695,0.3342320251194338,0.3340088058234668,0.0,0.0,0.0,0.0,0.11205301121726274,0.11053595445145259,0.10546197265775084,0.10074198996639233,0.0,0.0,0.0,0.0,0.00022321929596696988,0.00015261866921228995,7.060062675467993e-05,0.00471998269135851,0.0015170567658101541,0.0032029259255483555,0.002681200039427095,0.0015149530125337374,0.0011662470268933578,0.0,0.0,0.0,0.0,0.0,0.0
pallets-flask::c1973016eacfb22fdec837394d8b89c0ca35ad15::flask/helpers.py,pallets-flask,0.1848353393972885,0.1819526298461113,0.1235339410060979,0.12083508009171248,0.30788333035116083,0.30733845107525853,0.3337158015194234,0.33368242470250964,0.0,0.0,0.0,0.0,0.1053763828697516,0.10314010891183549,0.08178563898724589,0.07916730545503843,0.0,0.0,0.0,0.0,3.337681691378824e-05,0.0005448792759022991,-0.0005115024589885109,0.002618333532207459,0.0022362739579161045,0.0003820595742913546,0.002698860914385412,0.0028827095511771983,-0.0001838486367917863,0.0,0.0,0.0,0.0,0.0,0.0
pallets-flask::d5f88dafaf03a21aa4b6f0a273228fe9263a4a78::src/flask/app.py,pallets-flask,0.01678534294555397,0.014186448871890666,0.07015144524159221,0.06379856365562259,0.3346630072871645,0.33138241497500287,0.30453730686861685,0.30483986411526126,0.0,0.0,0.0,0.0,0.0016531416892698134,0.0035454266932802396,0.03126500953084866,0.037334770316565645,0.0,0.0,0.0,0.0,-0.0003025572466444082,0.0032805923121616565,-0.0035831495588060647,-0.006069760785716985,-0.0018922850040104262,-0.004177475781706559,0.006352881585969625,0.002598894073663304,0.003753987512306321,0.0,0.0,0.0,0.0,0.0,0.0
pallets-flask::eb42655c46f8a598f2e0ead624ba5a65a8a66e90::src/flask/app.py,pallets-flask,0.043630877052366464,0.04140377578956279,0.09638926038255526,0.09371531697702483,0.33536086187974234,0.3353796739712902,0.3102587834639216,0.31030835734219775,0.0,0.0,0.0,0.0,0.010755887910636676,0.010203414656789332,0.021986254499197957,0.01906848003918686,0.0,0.0,0.0,0.0,-4.957387827614346e-05,-1.8812091547859566e-05,-3.076178672828389e-05,0.0029177744600110966,0.0005524732538473437,0.002365301206163753,0.0026739434055304268,0.002227101262803677,0.00044684214272674994,0.0,0.0,0.0,0.0,0.0,0.0
pallets-flask::ed7b4ccac1b646aa725007db7fd3ec2d359beaf4::flask/cli.py,pallets-flask,0.021378446321278957,0.01973965310073088,0.03164679577001714,0.029248935486014455,0.4066559777452826,0.406725504960221,0.3450901798557164,0.34538461387535874,0.0,0.0,0.0,0.0,0.016894464010782755,0.015255670790234679,0.008876663852741863,0.006576938981476016,0.0,0.0,0.0,0.0,-0.0002944340196423534,-6.952721493835856e-05,-0.00022490680470399482,0.002299724871265847,0.0016387932205480758,0.0006609316507177714,0.002397860284002684,0.0016387932205480758,0.0007590670634546083,0.0,0.0,0.0,0.0,0.0,0.0
prometheus-prometheus::06b486b41e233eeb8c772fb18c04ed83567cd56f::storage/remote/write.go,prometheus-prometheus,0.06343017785176522,0.06114850966043992,0.025976939680628235,0.02211967001785277,0.2769874600635524,0.2769123963438111,0.33621595354182593,0.3371216405872441,0.0,0.0,0.0,0.0,0.020907883289892258,0.020291821518613307,0.012612875962463951,0.00803503701664005,0.0,0.0,0.0,0.0,-0.0009056870454181576,7.506371974130843e-05,-0.000980750765159466,0.004577838945823901,0.0006160617712789515,0.003961777174544949,0.0038572696627754664,0.0022816681913252965,0.00157560147145017,0.0,0.0,0.0,0.0,0.0,0.0
psf-requests::1f6de03baf534b21746b632a4d33889118fb73bb::requests/certs.py,psf-requests,0.011097749681386318,0.01034957441414268,0.0065589932266822805,0.005726798788481578,0.4647925850471747,0.4647925850471747,0.5270092964942984,0.5219676930599759,0.0,0.0,0.0,0.0,0.00944333940187099,0.008695164134627353,0.00484084775089296,0.003944009163103128,0.0,0.0,0.0,0.0,0.0050416034343224725,0.0,0.0050416034343224725,0.0008968385877898321,0.0007481752672436372,0.0001486633205461949,0.0008321944382007028,0.0007481752672436372,8.401917095706563e-05,0.0,0.0,0.0,0.0,0.0,0.0
psf-requests::33619268f986b7d6452fdab43e70096401c5b361::requests/models.py,psf-requests,0.1307485477838231,0.12609620164443552,0.12063721140632949,0.11948321673049292,0.32774174938258577,0.3288414381361376,0.30935840848729723,0.3094845633600156,0.0,0.0,0.0,0.0,0.09754249790109171,0.0885664307827555,0.14800991400664495,0.14628643918764278,0.0,0.0,0.0,0.0,-0.000126154872718387,-0.0010996887535518196,0.0009735338808334326,0.0017234748190021743,0.008976067118336206,-0.007252592299334032,0.0011539946758365727,0.0046523461393875865,-0.003498351463551014,0.0,0.0,0.0,0.0,0.0,0.0
psf-requests::47cb8bae1afedb600007683048eff4572850a34e::requests/sessions.py,psf-requests,0.041420331946225596,0.04058601554835468,0.9371432989028541,0.9411981716236881,0.36213135051200757,0.36234182181941677,0.33032899212994615,0.3300425865617957,0.0,0.0,2.766897729149792,2.833582329725754,0.032396690309929796,0.03143416848644266,0.02262294362644901,0.018437167938583313,0.0,0.0,0.9371432989028541,0.9411981716236881,0.0002864055681504607,-0.00021047130740919906,0.0004968768755596598,0.004185775687865698,0.0009625218234871336,0.003223253864378564,-0.004054872720834046,0.0008343163978709184,-0.004889189118704965,-0.004054872720834046,0.0,-0.004054872720834046,-0.06668460057596226,0.0,-0.06668460057596226
psf-requests::6195edc075b5960cdc2699c8556be35406247f61::requests/auth.py,psf-requests,0.085039044970111,0.0786468422237212,0.04384364878599615,0.04090992441154136,0.30802236758235046,0.30949484901582036,0.3274581526289426,0.32726468172752604,0.0,0.0,0.0,0.0,0.07067758310747886,0.06603855312805475,0.02932450005439015,0.025497290203222053,0.0,0.0,0.0,0.0,0.0001934709014165814,-0.0014724814334698966,0.001665952334886478,0.003827209851168096,0.004639029979424114,-0.0008118201282560182,0.0029337243744547922,0.006392202746389797,-0.0034584783719350046,0.0,0.0,0.0,0.0,0.0,0.0
psf-requests::6495190b00b4635791ca718990b9c9a1aa2d5b33::requests/help.py,psf-requests,0.004836029435887439,0.0036038585956265985,0.010422110876170405,0.008891491896174851,0.48540593905280877,0.4858555215833162,0.33996879078346964,0.3399699769627861,0.0,0.0,0.0,0.0,0.0029993887804422876,0.0018713733092193925,0.0024324491247561426,0.0013204616237549142,0.0,0.0,0.0,0.0,-1.1861793164369416e-06,-0.0004495825305074197,0.00044839635119098276,0.0011119875010012284,0.0011280154712228951,-1.6027970221666734e-05,0.0015306189799955544,0.0012321708402608408,0.0002984481397347136,0.0,0.0,0.0,0.0,0.0,0.0
psf-requests::66eedec782d3871821a7ff9d87deabfeb9596020::requests/sessions.py,psf-requests,0.07129726340474316,0.06862710865715752,0.12268436000526643,0.11404614750619528,0.3513439898343583,0.3510677186785203,0.3233424129242748,0.32423567729289376,0.0,0.0,0.0,0.0,0.03692989500075139,0.03453702202689641,0.10008327442167843,0.09056859080497327,0.0,0.0,0.0,0.0,-0.0008932643686189734,0.00027627115583794826,-0.0011695355244569217,0.009514683616705155,0.00239287297385498,0.007121810642850175,0.008638212499071152,0.00267015474758564,0.0059680577514855115,0.0,0.0,0.0,0.0,0.0,0.0
psf-requests::6d7e8a97bbefa287366bc5d0b0b8f789532e853a::requests/utils.py,psf-requests,0.13036884635523024,0.12817210873160947,0.13483550199935435,0.13446907073945566,0.308252268046044,0.30865539138158476,0.34773962458109325,0.3533114743670697,0.0,0.0,0.0,0.0,0.13729823102391311,0.134669550092829,0.11088683100732954,0.10300001900974858,0.0,0.0,0.0,0.0,-0.005571849785976468,-0.00040312333554076707,-0.005168726450435701,0.00788681199758097,0.002628680931084121,0.005258131066496849,0.0003664312598986863,0.0021967376236207703,-0.001830306363722084,0.0,0.0,0.0,0.0,0.0,0.0
psf-requests::74609c5c8f94cbae3d3fc72e0b0a53cae19cc29c::requests/models.py,psf-requests,0.07638305387048058,0.0739828587922341,0.14511826922918553,0.14158013562481628,0.3101689845416362,0.3103431605813366,0.3136158429897924,0.31257964422496437,0.0,0.0,0.0,0.0,0.06217942581993091,0.05915370497888152,0.15857515595267657,0.15493941887333113,0.0,0.0,0.0,0.0,0.0010361987648280224,-0.00017417603970037998,0.0012103748045284024,0.003635737079345447,0.0030257208410493924,0.0006100162382960544,0.003538133604369248,0.0024001950782464865,0.0011379385261227615,0.0,0.0,0.0,0.0,0.0,0.0
psf-requests::8000def20cf6fd61a7f311e2ea06636475b2bc6e::requests/utils.py,psf-requests,0.09912152723238192,0.09380482509721673,0.07669522589161394,0.0744750030636555,0.32385273344668225,0.32428065202477724,0.35193833031204974,0.3518954018612201,0.0,0.0,0.0,0.0,0.07209830135800827,0.0650743619425547,0.04173761161786754,0.039442511770844256,0.0,0.0,0.0,0.0,4.292845082964902e-05,-0.0004279185780949879,0.0004708470289246369,0.0022950998470232867,0.007023939415453567,-0.004728839568430281,0.0022202228279584457,0.005316702135165191,-0.0030964793072067454,0.0,0.0,0.0,0.0,0.0,0.0
psf-requests::857e9b7ac20c3accf4cc328f594aecb8b6a644a6::requests/sessions.py,psf-requests,0.10212010688763876,0.09756876214237839,0.9362424453719629,0.9420311162384606,0.350220409122542,0.3504054871814138,0.33023475038139405,0.33006096929881346,0.0,0.0,2.7526675979954334,2.8478488992662996,0.058585069469712196,0.0540412393240167,0.023772520498992318,0.018592674189045942,0.0,0.0,0.9362424453719629,0.9420311162384606,0.000173781082580593,-0.0001850780588718015,0.0003588591414523945,0.005179846309946376,0.004543830145695496,0.0006360161642508799,-0.005788670866497703,0.004551344745260366,-0.010340015611758069,-0.005788670866497703,0.0,-0.005788670866497703,-0.09518130127086621,0.0,-0.09518130127086621
psf-requests::90688c68ad5a1bad8ac93c6e2b26395da1fdff51::setup.py,psf-requests,0.1799392671453483,0.17735967806055455,0.034284331659890824,0.0318771886595228,0.25606910356198576,0.25699776315583145,0.3520057938932684,0.3509380292071596,0.0,0.0,0.0,0.0,0.15095048603353484,0.14361594431746194,0.02636401590083151,0.02350128088960249,0.0,0.0,0.0,0.0,0.0010677646861088075,-0.0009286595938456932,0.0019964242799545007,0.002862735011229023,0.007334541716072895,-0.0044718067048438725,0.0024071430003680255,0.0025795890847937486,-0.00017244608442572307,0.0,0.0,0.0,0.0,0.0,0.0
psf-requests::99b3b492418d0751ca960178d274f89805095e4c::requests/sessions.py,psf-requests,0.030450454107474666,0.028889404008272602,0.967315883568433,0.9759679434448505,0.30811763231045686,0.3085216682848745,0.3312892627313608,0.330953577558422,0.0,0.0,3.420866055124601,3.7283666500763903,0.01805159578895416,0.01848435740580603,0.01025905226284203,0.019031452048981996,0.0,0.0,0.967315883568433,0.9759679434448505,0.0003356851729388044,-0.00040403597441762695,0.0007397211473564314,-0.008772399786139966,-0.0004327616168518719,-0.008339638169288094,-0.008652059876417484,0.0015610500992020646,-0.010213109975619548,-0.008652059876417484,0.0,-0.008652059876417484,-0.3075005949517893,0.0,-0.3075005949517893
psf-requests::9a20afd6b5140da4b9f187a3c0c6ea7010baeee9::requests/api.py,psf-requests,0.038677510865721056,0.03757399012778279,0.02665803998849336,0.024433411465573585,0.4041220686481909,0.4038713074087139,0.28687555734499876,0.28635094853767684,0.0,0.0,0.0,0.0,0.03330793818040794,0.03220441744246968,0.018911057282625536,0.016496607085790017,0.0,0.0,0.0,0.0,0.0005246088073219135,0.00025076123947698203,0.00027384756784493147,0.0024144501968355186,0.0011035207379382628,0.0013109294588972559,0.0022246285229197763,0.0011035207379382628,0.0011211077849815135,0.0,0.0,0.0,0.0,0.0,0.0
psf-requests::a44284c045b43d728c2a07d4f0a064bf8714f4af::requests/__version__.py,psf-requests,0.04114543785294748,0.03999452309506987,0.00958133835978976,0.008929821740660702,0.3927455705273295,0.3927455705273295,0.4647925850471747,0.4684898360398214,0.0,0.0,0.0,0.0,0.03513290222058153,0.03398198746270392,0.007926928080274433,0.007219131556184406,0.0,0.0,0.0,0.0,-0.003697250992646728,0.0,-0.003697250992646728,0.0007077965240900267,0.0011509147578776108,-0.00044311823378758407,0.0006515166191290583,0.0011509147578776108,-0.0004993981387485524,0.0,0.0,0.0,0.0,0.0,0.0
psf-requests::a52fe6586c0bcadb1610b93d39c454e0ff83cd0f::requests/exceptions.py,psf-requests,0.010799819060123696,0.00886440965786303,0.02024643375750217,0.019385417387346778,0.36689915413930646,0.37279725092975213,0.33708284261835947,0.33761747615213855,0.0,0.0,0.0,0.0,0.005777401251610006,0.004065593390745838,0.012767481212262202,0.011909796384279418,0.0,0.0,0.0,0.0,-0.0005346335337790831,-0.005898096790445673,0.00536346325666659,0.000857684827982784,0.0017118078608641682,-0.0008541230328813843,0.0008610163701553916,0.0019354094022606665,-0.001074393032105275,0.0,0.0,0.0,0.0,0.0,0.0
psf-requests::a80bd7708d620ba1797aed1ca0840996fa137517::requests/utils.py,psf-requests,0.2913889665342731,0.29071467462940415,0.14760327201664292,0.14610551064157817,0.3215102273145138,0.32092316713344676,0.3486486309816413,0.3487608300991929,0.0,0.0,0.0,0.0,0.3194217812371674,0.3192358261522338,0.13010281468657503,0.12845857379327769,0.0,0.0,0.0,0.0,-0.0001121991175516146,0.0005870601810670228,-0.0006992592986186374,0.001644240893297344,0.0001859550849336311,0.001458285808363713,0.0014977613750647434,0.0006742919048689511,0.0008234694701957923,0.0,0.0,0.0,0.0,0.0,0.0
psf-requests::c86b09b3c67a437f8851d3be9232b0a1c8585e20::requests/adapters.py,psf-requests,0.04457554782448945,0.04081442516834154,0.08015658357122508,0.08028639416161931,0.32623824077349695,0.3296674762770346,0.3045510168349938,0.3044845952762676,0.0,0.0,0.0,0.0,0.029201055630214332,0.025083613386641845,0.06772306577003022,0.06779837238495597,0.0,0.0,0.0,0.0,6.642155872621514e-05,-0.003429235503537631,0.003495657062263846,-7.530661492574642e-05,0.0041174422435724875,-0.004192748858498234,-0.0001298105903942276,0.0037611226561479125,-0.00389093324654214,0.0,0.0,0.0,0.0,0.0,0.0
psf-requests::ca187abd13052fee100909076358fca89b473e0f::requests/utils.py,psf-requests,0.2238908447844155,0.220411462699386,0.15258384674654255,0.15194131191151583,0.3250319546421113,0.3254364367989193,0.35361462937132054,0.35383096855874585,0.0,0.0,0.0,0.0,0.21613301203808308,0.21263559907436488,0.12108676387565222,0.12049669765017859,0.0,0.0,0.0,0.0,-0.00021633918742530733,-0.0004044821568079948,0.00018814296938268749,0.0005900662254736261,0.003497412963718194,-0.002907346738244568,0.0006425348350267146,0.0034793820850295143,-0.0028368472500027997,0.0,0.0,0.0,0.0,0.0,0.0
psf-requests::cb0914407b6bb8153c8be5d52bc497e1d10b04ac::requests/utils.py,psf-requests,0.08864195220198247,0.08437172592164036,0.1533333155637164,0.1507302833675908,0.3045424497722006,0.30471848510290084,0.35064792884208573,0.3496846877333414,0.0,0.0,0.0,0.0,0.08014657575853282,0.07374345007849378,0.10977923292470908,0.10831217111080316,0.0,0.0,0.0,0.0,0.0009632411087443504,-0.00017603533070026378,0.0011392764394446142,0.0014670618139059205,0.006403125680039035,-0.004936063866133114,0.002603032196125593,0.004270226280342113,-0.0016671940842165195,0.0,0.0,0.0,0.0,0.0,0.0
psf-requests::ce234d53a5b8d829eca4f27857e6ea2625575fe8::setup.py,psf-requests,0.1799494609738084,0.17885317856243974,0.028972145728567322,0.027283740735336695,0.25686684356377926,0.2568913028726412,0.37313693698135675,0.380535608978748,0.0,0.0,0.0,0.0,0.16398564593797857,0.16272127865426633,0.022333187696617678,0.02041844629936451,0.0,0.0,0.0,0.0,-0.0073986719973912485,-2.4459308861968232e-05,-0.00737421268852928,0.001914741397253169,0.0012643672837122366,0.0006503741135409323,0.0016884049932306272,0.0010962824113686653,0.0005921225818619619,0.0,0.0,0.0,0.0,0.0,0.0
psf-requests::ced6550a2555002f6c081d75547f30fd3fc5e29c::test_requests.py,psf-requests,0.023369861093112027,0.021710166787186607,0.2281119743973093,0.22907784503253165,0.368543223845516,0.36748421621926936,0.2576416251416197,0.25758390553818444,0.0,0.0,0.0,0.0,0.017381703391391286,0.01597059561553056,0.23779352381137736,0.2393256557131831,0.0,0.0,0.0,0.0,5.771960343525784e-05,0.0010590076262466663,-0.0010012880228114085,-0.0015321319018057333,0.0014111077758607246,-0.002943239677666458,-0.0009658706352223545,0.0016596943059254202,-0.0026255649411477747,0.0,0.0,0.0,0.0,0.0,0.0
psf-requests::d78ec90e7b6dbb853db33fd10686f3ba5c4874f1::requests/utils.py,psf-requests,0.10983786775818026,0.10465109853991612,0.1532032827246727,0.1518782539954325,0.32386696317826225,0.3236409473478945,0.34941534413592173,0.3493775847480382,0.0,0.0,0.0,0.0,0.08280341569192734,0.07603519177158799,0.112513448711218,0.11131526155613397,0.0,0.0,0.0,0.0,3.775938788352917e-05,0.00022601583036774286,-0.0001882564424842137,0.0011981871550840323,0.00676822392033935,-0.005570036765255318,0.0013250287292402019,0.005186769218264137,-0.003861740489023935,0.0,0.0,0.0,0.0,0.0,0.0
psf-requests::d9b1cac8675700c5537d1f70d6249a7afe63a03e::test_requests.py,psf-requests,0.021916131922171855,0.01957344504818011,0.20235608487076717,0.20092383032507374,0.37402071764153155,0.374183616037836,0.2604410165737387,0.26043087520385494,0.0,0.0,0.0,0.0,0.015253580544766433,0.012912463825856462,0.1703970437040181,0.1687526133564871,0.0,0.0,0.0,0.0,1.0141369883753804e-05,-0.00016289839630445613,0.00017303976618820993,0.0016444303475309785,0.0023411167189099705,-0.000696686371378992,0.0014322545456934288,0.0023426868739917436,-0.0009104323282983148,0.0,0.0,0.0,0.0,0.0,0.0
psf-requests::dfe46c1b7f55c9377caecba2119be14d3cce74e5::requests/utils.py,psf-requests,0.008033827591224778,0.006721715066860608,0.028645195958527096,0.02447878926147082,0.3987005658322799,0.4067506957301321,0.3498248066948101,0.34967535037627856,0.0,0.0,0.0,0.0,0.0038277250315125674,0.0027151751098586432,0.02238738669833353,0.026121066758220766,0.0,0.0,0.0,0.0,0.00014945631853152674,-0.008050129897852198,0.008199586216383725,-0.003733680059887237,0.0011125499216539242,-0.004846229981541161,0.004166406697056275,0.00131211252436417,0.002854294172692105,0.0,0.0,0.0,0.0,0.0,0.0
psf-requests::f74f5e3ebf0943163cd21b93fb682f790277aa19::requests/sessions.py,psf-requests,0.2907630861743768,0.29062643143154526,0.29370486830179954,0.29138113205642674,0.30679333987320273,0.30677875734985854,0.3232143042424634,0.3215102273145138,0.0,0.0,0.0,0.0,0.4007186957561766,0.40054451403761604,0.31155095212874817,0.31941363705771897,0.0,0.0,0.0,0.0,0.0017040769279496049,1.4582523344186527e-05,0.0016894944046054183,-0.007862684928970798,0.00017418171856053988,-0.008036866647531338,0.0023237362453727983,0.00013665474283153234,0.002187081502541266,0.0,0.0,0.0,0.0,0.0,0.0
scrapy-scrapy::01ad8b31ab7fe86fd78a70b09a6dd61a497e0ccb::scrapy/core/http2/protocol.py,scrapy-scrapy,0.022609853707769474,0.020375129843170466,0.01863714710642552,0.01703934868906963,0.3668500336215568,0.3670846383172432,0.3336565041349792,0.3323854230494469,0.0,0.0,0.0,0.0,0.011908538587161281,0.009670429226690076,0.00936205263915901,0.007549632596840215,0.0,0.0,0.0,0.0,0.0012710810855323107,-0.000234604695686369,0.0015056857812186797,0.0018124200423187947,0.0022381093604712052,-0.0004256893181524106,0.0015977984173558904,0.002234723864599008,-0.0006369254472431175,0.0,0.0,0.0,0.0,0.0,0.0
scrapy-scrapy::1e37b64ecda444e3337b724a2349d4b3d4d45f37::scrapy/utils/deprecate.py,scrapy-scrapy,0.023611548631399144,0.021934117993828488,0.02323730010221877,0.02172219676751293,0.36423536950268715,0.36396711716329766,0.3606771336895058,0.35816852082701217,0.0,0.0,0.0,0.0,0.013274369217429858,0.01171349077888931,0.01567872948694947,0.014314897086251244,0.0,0.0,0.0,0.0,0.0025086128624936532,0.00026825233938948534,0.002240360523104168,0.0013638324006982252,0.0015608784385405475,-0.00019704603784232236,0.0015151033347058397,0.0016774306375706566,-0.00016232730286481686,0.0,0.0,0.0,0.0,0.0,0.0
scrapy-scrapy::1e9b52c3e0e4eb51aaad37e796b3ee810fd919a6::scrapy/core/spidermw.py,scrapy-scrapy,0.01341101918482903,0.012089293123827501,0.022748920244779175,0.018440453112301854,0.32981865710337976,0.32984193823213454,0.325211528194623,0.3344930033102915,0.0,0.0,0.0,0.0,0.004544023054122702,0.003230771839003147,0.013067137321142484,0.009161104664209123,0.0,0.0,0.0,0.0,-0.009281475115668514,-2.328112875477073e-05,-0.009258193986913743,0.0039060326569333604,0.0013132512151195555,0.002592781441813805,0.004308467132477321,0.001321726061001529,0.0029867410714757917,0.0,0.0,0.0,0.0,0.0,0.0
scrapy-scrapy::204737042ac6672eee73c975d0bd6735893d684c::scrapy/extensions/feedexport.py,scrapy-scrapy,0.020597375684776174,0.018710159951736995,0.0741294612570715,0.07220572000399651,0.35991754807104376,0.35989774118446755,0.3140388127521467,0.31257330748132645,0.0,0.0,0.0,0.0,0.010818188774389554,0.00893180872983035,0.06252652160327744,0.06161092984656453,0.0,0.0,0.0,0.0,0.0014655052708202332,1.9806886576212435e-05,0.0014456983842440208,0.0009155917567129149,0.0018863800445592036,-0.0009707882878462887,0.0019237412530749842,0.001887215733039179,3.652552003580514e-05,0.0,0.0,0.0,0.0,0.0,0.0
scrapy-scrapy::311d5cd495c7bb82c39a85dd85438871518ea165::scrapy/loader/__init__.py,scrapy-scrapy,0.016763238977639004,0.013803089919068463,0.016233413296497995,0.014827061633785157,0.31792017846837034,0.3178199247189528,0.2999977544165522,0.30856359151317464,0.0,0.0,0.0,0.0,0.002867230249509658,0.005712421398950229,0.004808494734298277,0.0031410868932158238,0.0,0.0,0.0,0.0,-0.008565837096622453,0.00010025374941752263,-0.008666090846039975,0.001667407841082453,-0.0028451911494405714,0.004512598990523024,0.0014063516627128379,0.0029601490585705412,-0.0015537973958577034,0.0,0.0,0.0,0.0,0.0,0.0
scrapy-scrapy::33d145e2f5a1f470398d96184b4da158e3ef7240::scrapy/crawler.py,scrapy-scrapy,0.0050270954807625275,0.002726262871476684,0.07465906005131975,0.07350945566705241,0.4129806493890628,0.4207048341082633,0.3167688875226293,0.3179737138992694,0.0,0.0,0.0,0.0,0.0019432477157400102,0.0010754916993185786,0.056588141883835166,0.05501289223227569,0.0,0.0,0.0,0.0,-0.0012048263766400447,-0.0077241847192005,0.006519358342560455,0.0015752496515594738,0.0008677560164214316,0.0007074936351380422,0.0011496043842673387,0.0023008326092858436,-0.001151228225018505,0.0,0.0,0.0,0.0,0.0,0.0
scrapy-scrapy::35723d76c0c07575309810e776305e9ea22fc18d::scrapy/linkextractors/lxmlhtml.py,scrapy-scrapy,0.0946368686793571,0.09332785119612726,0.01882821972609905,0.017673087812608953,0.31122313081328573,0.31118459436563756,0.32781188353506574,0.3282349145011304,0.0,0.0,0.0,0.0,0.09200374068611215,0.09047958871819373,0.009520198162447577,0.008360049379020306,0.0,0.0,0.0,0.0,-0.0004230309660646636,3.853644764817421e-05,-0.0004615674137128378,0.0011601487834272707,0.0015241519679184273,-0.0003640031844911566,0.0011551319134900963,0.0013090174832298407,-0.0001538855697397444,0.0,0.0,0.0,0.0,0.0,0.0
scrapy-scrapy::595c995ee640e360e5b574577594b273cc8af071::scrapy/utils/versions.py,scrapy-scrapy,0.032284417447562455,0.02874877671396342,0.003882871514098457,0.002001479241876972,0.3077751189111745,0.30604720094598553,0.3616232803653108,0.3498625017960824,0.0,0.0,0.0,0.0,0.006665140041949978,0.003477575258847218,0.0011106399356290006,0.0019655655848014983,0.0,0.0,0.0,0.0,0.011760778569228358,0.001727917965188952,0.010032860604039406,-0.0008549256491724977,0.00318756478310276,-0.004042490432275258,0.001881392272221485,0.0035356407335990353,-0.0016542484613775504,0.0,0.0,0.0,0.0,0.0,0.0
scrapy-scrapy::61197d3dba53cd67c41e5d23e1f0c11a864f539b::scrapy/core/scraper.py,scrapy-scrapy,0.007352220929519474,0.006160451377948076,0.0369691461622303,0.03583989786351316,0.34975876594671035,0.35044519910277994,0.29104022988988626,0.2908852281879795,0.0,0.0,0.0,0.0,0.0030600159231157368,0.001977883514783091,0.025364112004182912,0.024253435704693297,0.0,0.0,0.0,0.0,0.0001550017019067429,-0.000686433156069588,0.0008414348579763309,0.001110676299489615,0.0010821324083326459,2.8543891156969196e-05,0.0011292482987171407,0.0011917695515713976,-6.252125285425691e-05,0.0,0.0,0.0,0.0,0.0,0.0
scrapy-scrapy::75b1d051d99cda17558a210326e77046eec851a7::scrapy/downloadermiddlewares/httpproxy.py,scrapy-scrapy,0.004738598061266834,0.0031347522367396467,0.9921405408562494,0.9942083919401427,0.45486881051873246,0.4353645367591224,0.3954447238189164,0.39258126871101845,0.0,0.0,4.846037486136272,5.151345295411907,0.002172422730811449,0.0013414246254610505,0.002725640422002588,0.0017479949403875015,0.0,0.0,0.9921405408562494,0.9942083919401427,0.0028634551078979276,0.019504273759610058,-0.01664081865171213,0.0009776454816150864,0.0008309981053503984,0.000146647376264688,-0.0020678510838932906,0.001603845824527187,-0.0036716969084204776,-0.0020678510838932906,0.0,-0.0020678510838932906,-0.30530780927563583,0.0,-0.30530780927563583
scrapy-scrapy::97666955500a17e9627d284f69695c5006405255::scrapy/spiderloader.py,scrapy-scrapy,0.0746556946035001,0.07350945566705241,0.007750953562980495,0.006060559024299716,0.31789571908581166,0.3179737138992694,0.39216991434428855,0.39935821911029845,0.0,0.0,0.0,0.0,0.056067337168100764,0.05501289223227569,0.0030780171145988735,0.002001301489052909,0.0,0.0,0.0,0.0,-0.007188304766009901,-7.799481345771575e-05,-0.007110309952552185,0.0010767156255459646,0.0010544449358250718,2.2270689720892828e-05,0.0016903945386807792,0.001146238936447691,0.0005441556022330882,0.0,0.0,0.0,0.0,0.0,0.0
scrapy-scrapy::999341b60bd5289ca97c8187d0ff380a8555ba5e::scrapy/core/scheduler.py,scrapy-scrapy,0.01051518112504517,0.008107053656295667,0.012800798824497748,0.010527055565194258,0.4055037544450395,0.40547983956309763,0.33415788420082515,0.3319846469041672,0.0,0.0,0.0,0.0,0.0036616347713289516,0.0026231577971741896,0.004042649976938982,0.0014700304320176827,0.0,0.0,0.0,0.0,0.0021732372966579705,2.391488194186664e-05,0.002149322414716104,0.002572619544921299,0.001038476974154762,0.001534142570766537,0.00227374325930349,0.002408127468749504,-0.0001343842094460139,0.0,0.0,0.0,0.0,0.0,0.0
scrapy-scrapy::ad83ffdf1f4d69ffb62b243429e7b59d0930524c::scrapy/extensions/feedexport.py,scrapy-scrapy,0.012361194951149103,0.00960669165426759,0.021694220290076893,0.019155230827090364,0.38586243954599564,0.3861295189321823,0.31394765351368953,0.31392593904426036,0.0,0.0,0.0,0.0,0.004718296981819065,0.0028317606091700876,0.0064525423496091736,0.004115777601082737,0.0,0.0,0.0,0.0,2.1714469429168215e-05,-0.0002670793861866416,0.00028879385561580984,0.002336764748526437,0.001886536372648977,0.0004502283758774598,0.0025389894629865295,0.0027545032968815126,-0.0002155138338949831,0.0,0.0,0.0,0.0,0.0,0.0
scrapy-scrapy::d40273561dad76a409f847b5f8ce1daafdb1dc7c::scrapy/crawler.py,scrapy-scrapy,0.005433046513065199,0.0037337523768110957,0.03711672340926016,0.035373719591801356,0.4019292957809567,0.394169866912034,0.3165210239119485,0.31980999078239947,0.0,0.0,0.0,0.0,0.0020325176043413697,0.0012266428009200443,0.026630760258761214,0.02474339271808798,0.0,0.0,0.0,0.0,-0.0032889668704509933,0.007759428868922724,-0.011048395739373718,0.0018873675406732328,0.0008058748034213254,0.0010814927372519074,0.001743003817458802,0.0016992941362541036,4.37096812046984e-05,0.0,0.0,0.0,0.0,0.0,0.0
scrapy-scrapy::df4cda79d2c6929fdffd1a56c785653702330422::scrapy/pipelines/images.py,scrapy-scrapy,0.016834796369573676,0.014592294365964207,0.018622903834257458,0.01705420073649874,0.38928381739900997,0.3903389983790742,0.33348005553778776,0.3335084872980538,0.0,0.0,0.0,0.0,0.009658889501949701,0.007452521205836882,0.0062782038375783274,0.004710272158747511,0.0,0.0,0.0,0.0,-2.843176026606775e-05,-0.0010551809800642409,0.0010267492197981731,0.001567931678830816,0.0022063682961128185,-0.0006384366172820025,0.001568703097758719,0.002242502003609469,-0.0006737989058507501,0.0,0.0,0.0,0.0,0.0,0.0
scrapy-scrapy::ee39d11e45a6ca20a24d28cd08c4b20ea1eae40e::scrapy/pipelines/images.py,scrapy-scrapy,0.04318611453719339,0.03979649021540095,0.01867131208110147,0.01709966932347858,0.3124073702049388,0.3128602846554933,0.33348005553778776,0.3335084872980538,0.0,0.0,0.0,0.0,0.024253447461332893,0.020148755728187008,0.006326612084422341,0.004755740745727351,0.0,0.0,0.0,0.0,-2.843176026606775e-05,-0.0004529144505545091,0.0004244826902884413,0.0015708713386949902,0.004104691733145885,-0.0025338203944508947,0.001571642757622893,0.0033896243217924407,-0.0018179815641695476,0.0,0.0,0.0,0.0,0.0,0.0
scrapy-scrapy::f7e11b198efd0213bb51205b6829123476ccf2ba::scrapy/pipelines/media.py,scrapy-scrapy,0.013713977068133739,0.011735622550913916,0.023980268094780568,0.02257011556095107,0.3653763256388389,0.36470547361790917,0.3369374082046969,0.33623032934266206,0.0,0.0,0.0,0.0,0.006890537609919724,0.005068469128718602,0.013038621449471282,0.011578958832697809,0.0,0.0,0.0,0.0,0.00070707886203486,0.000670852020929702,3.622684110515806e-05,0.001459662616773473,0.001822068481201122,-0.0003624058644276489,0.0014101525338294993,0.0019783545172198224,-0.0005682019833903231,0.0,0.0,0.0,0.0,0.0,0.0
traefik-traefik::bf37869b8f6fd8315828f189d4a8e811d12dccae::tortuous.go,traefik-traefik,0.05358421074826369,0.050880238920866926,0.018959183404888245,0.01610017093914851,0.3348788908181781,0.3343720007859774,0.3519367386674306,0.34065435807179456,0.0,0.0,0.0,0.0,0.036158959461081906,0.034345124418986225,0.005690228356429107,0.003862184942419137,0.0,0.0,0.0,0.0,0.011282380595636021,0.0005068900322007241,0.010775490563435297,0.00182804341400997,0.0018138350420956809,1.4208371914289225e-05,0.002859012465739736,0.0027039718273967617,0.00015504063834297435,0.0,0.0,0.0,0.0,0.0,0.0
